id,firstname,lastname,email,job,street,timestamp
100,Jemie,Richers,Jemie.Richers@yopmail.com,police officer,Strasbourg,2024-07-25 02:07:00
101,Ronna,Gwenore,Ronna.Gwenore@yopmail.com,doctor,Gaborone,2024-07-25 02:07:00
102,Gerrie,Tannie,Gerrie.Tannie@yopmail.com,developer,Udon Thani,2024-07-25 02:07:00
103,Amii,Shelba,Amii.Shelba@yopmail.com,police officer,Juneau,2024-07-25 02:07:00
104,Lonnie,Pierette,Lonnie.Pierette@yopmail.com,doctor,Ndola,2024-07-25 02:07:00
105,Bee,Wattenberg,Bee.Wattenberg@yopmail.com,police officer,Auckland,2024-07-25 02:07:00
106,Coral,Carri,Coral.Carri@yopmail.com,worker,Johor Bahru,2024-07-25 02:07:00
107,Jaime,Pearse,Jaime.Pearse@yopmail.com,police officer,Siem Reap,2024-07-25 02:07:00
108,Jobi,Christine,Jobi.Christine@yopmail.com,worker,Cincinnati,2024-07-25 02:07:00
109,Annora,My,Annora.My@yopmail.com,developer,Fort-de-France,2024-07-25 02:07:00
110,Lauryn,Rheingold,Lauryn.Rheingold@yopmail.com,developer,Guatemala City,2024-07-25 02:07:00
111,Eve,Eckblad,Eve.Eckblad@yopmail.com,police officer,Tabriz,2024-07-25 02:07:00
112,Renae,Ashely,Renae.Ashely@yopmail.com,developer,Cape Town,2024-07-25 02:07:00
113,Sissy,Raffo,Sissy.Raffo@yopmail.com,doctor,Kandahar,2024-07-25 02:07:00
114,Genovera,Durware,Genovera.Durware@yopmail.com,worker,Chişinău,2024-07-25 02:07:00
115,Constance,Valoniah,Constance.Valoniah@yopmail.com,police officer,Wuhan,2024-07-25 02:07:00
116,Olwen,Therine,Olwen.Therine@yopmail.com,developer,Hamilton,2024-07-25 02:07:00
117,Gwenneth,Virgin,Gwenneth.Virgin@yopmail.com,worker,Los Angeles,2024-07-25 02:07:00
118,Tabbatha,McLaughlin,Tabbatha.McLaughlin@yopmail.com,firefighter,Hong Kong,2024-07-25 02:07:00
119,Tina,Cullin,Tina.Cullin@yopmail.com,firefighter,Manama,2024-07-25 02:07:00
120,Dode,Alexandr,Dode.Alexandr@yopmail.com,worker,Blantyre,2024-07-25 02:07:00
121,Philis,Baptlsta,Philis.Baptlsta@yopmail.com,worker,Omsk,2024-07-25 02:07:00
122,Alejandra,Deny,Alejandra.Deny@yopmail.com,firefighter,Cartagena,2024-07-25 02:07:00
123,Darci,Amasa,Darci.Amasa@yopmail.com,worker,Chuí,2024-07-25 02:07:00
124,Suzette,Jaylene,Suzette.Jaylene@yopmail.com,doctor,Hong Kong,2024-07-25 02:07:00
125,Helena,Marlie,Helena.Marlie@yopmail.com,firefighter,Pyongyang,2024-07-25 02:07:00
126,Darlleen,Danby,Darlleen.Danby@yopmail.com,doctor,Bandung,2024-07-25 02:07:00
127,Cherrita,Camden,Cherrita.Camden@yopmail.com,worker,Nashville,2024-07-25 02:07:00
128,Moyna,Cookie,Moyna.Cookie@yopmail.com,firefighter,San Carlos de Bariloche,2024-07-25 02:07:00
129,Kimmy,Ramona,Kimmy.Ramona@yopmail.com,police officer,Pretoria,2024-07-25 02:07:00
130,Merle,Rebecka,Merle.Rebecka@yopmail.com,doctor,Iloilo City,2024-07-25 02:07:00
131,Cyb,Keily,Cyb.Keily@yopmail.com,police officer,Xi'an,2024-07-25 02:07:00
132,Drucie,Konyn,Drucie.Konyn@yopmail.com,developer,Havana,2024-07-25 02:07:00
133,Letizia,Letsou,Letizia.Letsou@yopmail.com,developer,Los Angeles,2024-07-25 02:07:00
134,Jeanna,Lewes,Jeanna.Lewes@yopmail.com,police officer,Santa Cruz de la Sierra,2024-07-25 02:07:00
135,Talya,Salvidor,Talya.Salvidor@yopmail.com,firefighter,Edinburgh,2024-07-25 02:07:00
136,Jobi,Ursulette,Jobi.Ursulette@yopmail.com,developer,Horta (Azores),2024-07-25 02:07:00
137,Cristabel,Christal,Cristabel.Christal@yopmail.com,police officer,Yokohama,2024-07-25 02:07:00
138,Ira,Tristram,Ira.Tristram@yopmail.com,police officer,Munich,2024-07-25 02:07:00
139,Shaine,Richers,Shaine.Richers@yopmail.com,worker,Hanga Roa,2024-07-25 02:07:00
140,Viviene,Malina,Viviene.Malina@yopmail.com,worker,San Juan,2024-07-25 02:07:00
141,Jasmina,Means,Jasmina.Means@yopmail.com,worker,Malé,2024-07-25 02:07:00
142,Jany,Noman,Jany.Noman@yopmail.com,firefighter,Canberra,2024-07-25 02:07:00
143,Heddie,Kat,Heddie.Kat@yopmail.com,worker,Saskatoon,2024-07-25 02:07:00
144,Glynnis,Vernier,Glynnis.Vernier@yopmail.com,firefighter,Accra,2024-07-25 02:07:00
145,Ardenia,Kalinda,Ardenia.Kalinda@yopmail.com,developer,Gaziantep,2024-07-25 02:07:00
146,Sabina,Ferino,Sabina.Ferino@yopmail.com,doctor,Shenyang,2024-07-25 02:07:00
147,Tera,Podvin,Tera.Podvin@yopmail.com,police officer,Okinawa,2024-07-25 02:07:00
148,Dulcinea,Randene,Dulcinea.Randene@yopmail.com,firefighter,Minsk,2024-07-25 02:07:00
149,Tersina,Orelee,Tersina.Orelee@yopmail.com,developer,Shillong,2024-07-25 02:07:00
150,Kara-Lynn,Behre,Kara-Lynn.Behre@yopmail.com,doctor,New Delhi,2024-07-25 02:07:00
151,Wilma,Amasa,Wilma.Amasa@yopmail.com,police officer,Moroni,2024-07-25 02:07:00
152,Hannis,Adore,Hannis.Adore@yopmail.com,police officer,Portland,2024-07-25 02:07:00
153,Benita,Fink,Benita.Fink@yopmail.com,firefighter,Peshawar,2024-07-25 02:07:00
154,Aurelie,Kussell,Aurelie.Kussell@yopmail.com,worker,City of San Marino,2024-07-25 02:07:00
155,Carilyn,Arvo,Carilyn.Arvo@yopmail.com,doctor,Liverpool,2024-07-25 02:07:00
156,Tonia,Wildermuth,Tonia.Wildermuth@yopmail.com,doctor,Saint-Denis,2024-07-25 02:07:00
157,Lelah,Egbert,Lelah.Egbert@yopmail.com,doctor,Tegucigalpa,2024-07-25 02:07:00
158,Eve,Plato,Eve.Plato@yopmail.com,developer,Kingstown,2024-07-25 02:07:00
159,Mary,Hurley,Mary.Hurley@yopmail.com,firefighter,Mersin,2024-07-25 02:07:00
160,Amalie,Anyah,Amalie.Anyah@yopmail.com,developer,Liverpool,2024-07-25 02:07:00
161,Teddie,Caitlin,Teddie.Caitlin@yopmail.com,worker,Abidjan,2024-07-25 02:07:00
162,Ida,Ashely,Ida.Ashely@yopmail.com,police officer,Basra,2024-07-25 02:07:00
163,Micheline,Joeann,Micheline.Joeann@yopmail.com,doctor,Yaren District,2024-07-25 02:07:00
164,Tarra,Rocray,Tarra.Rocray@yopmail.com,police officer,Gibraltar,2024-07-25 02:07:00
165,Chrystel,Sisile,Chrystel.Sisile@yopmail.com,doctor,Greenwich,2024-07-25 02:07:00
166,Belva,Bartlett,Belva.Bartlett@yopmail.com,police officer,Bamako,2024-07-25 02:07:00
167,Kore,Terencio,Kore.Terencio@yopmail.com,police officer,Fortaleza,2024-07-25 02:07:00
168,Anthia,Voletta,Anthia.Voletta@yopmail.com,developer,Valencia,2024-07-25 02:07:00
169,Sallie,Bultman,Sallie.Bultman@yopmail.com,firefighter,Quebec City,2024-07-25 02:07:00
170,Rozele,Bouchard,Rozele.Bouchard@yopmail.com,police officer,Kunming,2024-07-25 02:07:00
171,Teriann,Sawtelle,Teriann.Sawtelle@yopmail.com,doctor,Andorra la Vella,2024-07-25 02:07:00
172,Merci,Cimbura,Merci.Cimbura@yopmail.com,doctor,Asunción,2024-07-25 02:07:00
173,Albertina,Cornelia,Albertina.Cornelia@yopmail.com,doctor,Saint-Denis,2024-07-25 02:07:00
174,Norine,Ioab,Norine.Ioab@yopmail.com,police officer,Pekanbaru,2024-07-25 02:07:00
175,Helsa,Hunfredo,Helsa.Hunfredo@yopmail.com,worker,Cannes,2024-07-25 02:07:00
176,Sibella,Johnsson,Sibella.Johnsson@yopmail.com,worker,Surat Thani,2024-07-25 02:07:00
177,Cathie,Milson,Cathie.Milson@yopmail.com,doctor,Port Vila,2024-07-25 02:07:00
178,Jacenta,Verger,Jacenta.Verger@yopmail.com,developer,Valparaíso,2024-07-25 02:07:00
179,Paulita,Kaja,Paulita.Kaja@yopmail.com,worker,Bujumbura,2024-07-25 02:07:00
180,Kaja,Ivens,Kaja.Ivens@yopmail.com,worker,Riyadh,2024-07-25 02:07:00
181,Johna,Jerald,Johna.Jerald@yopmail.com,firefighter,Durango,2024-07-25 02:07:00
182,Noelle,Erb,Noelle.Erb@yopmail.com,firefighter,Tampere,2024-07-25 02:07:00
183,Kellen,Shama,Kellen.Shama@yopmail.com,firefighter,Nice,2024-07-25 02:07:00
184,Agathe,Garrison,Agathe.Garrison@yopmail.com,firefighter,Anchorage,2024-07-25 02:07:00
185,Glenda,Mike,Glenda.Mike@yopmail.com,doctor,Moscow,2024-07-25 02:07:00
186,Edith,Armanda,Edith.Armanda@yopmail.com,police officer,Anchorage,2024-07-25 02:07:00
187,Marline,Daniele,Marline.Daniele@yopmail.com,doctor,Suez,2024-07-25 02:07:00
188,Xylina,Flita,Xylina.Flita@yopmail.com,developer,Kuwait City,2024-07-25 02:07:00
189,Nerta,Fadiman,Nerta.Fadiman@yopmail.com,police officer,Saint John,2024-07-25 02:07:00
190,Valli,Daegal,Valli.Daegal@yopmail.com,worker,Cockburn Town,2024-07-25 02:07:00
191,Genevra,Bow,Genevra.Bow@yopmail.com,police officer,Raleigh,2024-07-25 02:07:00
192,Carly,Allina,Carly.Allina@yopmail.com,developer,Brussels,2024-07-25 02:07:00
193,Ada,Zola,Ada.Zola@yopmail.com,firefighter,Cartagena,2024-07-25 02:07:00
194,Beth,Hoenack,Beth.Hoenack@yopmail.com,developer,Pretoria,2024-07-25 02:07:00
195,Orsola,Leffen,Orsola.Leffen@yopmail.com,doctor,Willemstad,2024-07-25 02:07:00
196,Sybille,Tice,Sybille.Tice@yopmail.com,developer,Dar es Salaam,2024-07-25 02:07:00
197,Belinda,Rozanna,Belinda.Rozanna@yopmail.com,worker,Udon Thani,2024-07-25 02:07:00
198,Fidelia,Vharat,Fidelia.Vharat@yopmail.com,doctor,Shenzhen,2024-07-25 02:07:00
199,Moyna,Glenden,Moyna.Glenden@yopmail.com,police officer,Lanzhou,2024-07-25 02:07:00
200,Mariele,Eliathas,Mariele.Eliathas@yopmail.com,developer,Zanzibar City,2024-07-25 02:07:00
201,Rosaline,Glovsky,Rosaline.Glovsky@yopmail.com,firefighter,Tskhinvali,2024-07-25 02:07:00
202,Angela,Charmine,Angela.Charmine@yopmail.com,firefighter,Chongqing,2024-07-25 02:07:00
203,Judy,Ledah,Judy.Ledah@yopmail.com,police officer,San Juan,2024-07-25 02:07:00
204,Bertine,Roumell,Bertine.Roumell@yopmail.com,doctor,Mersin,2024-07-25 02:07:00
205,Cristabel,Hazlett,Cristabel.Hazlett@yopmail.com,doctor,Horta (Azores),2024-07-25 02:07:00
206,Marcy,Valerio,Marcy.Valerio@yopmail.com,doctor,Udon Thani,2024-07-25 02:07:00
207,Edee,Baptlsta,Edee.Baptlsta@yopmail.com,firefighter,Novosibirsk,2024-07-25 02:07:00
208,Roxane,Noam,Roxane.Noam@yopmail.com,firefighter,İzmir,2024-07-25 02:07:00
209,Dotty,Lanita,Dotty.Lanita@yopmail.com,developer,Oslo,2024-07-25 02:07:00
210,Rani,Callista,Rani.Callista@yopmail.com,doctor,Changchun,2024-07-25 02:07:00
211,Merrie,Doig,Merrie.Doig@yopmail.com,worker,Saint-Denis,2024-07-25 02:07:00
212,Carol-Jean,Kermit,Carol-Jean.Kermit@yopmail.com,doctor,Hobart,2024-07-25 02:07:00
213,Madeleine,Juliet,Madeleine.Juliet@yopmail.com,developer,Wichita,2024-07-25 02:07:00
214,Micheline,Bashemeth,Micheline.Bashemeth@yopmail.com,developer,Brazzaville,2024-07-25 02:07:00
215,Averyl,Afton,Averyl.Afton@yopmail.com,firefighter,Siem Reap,2024-07-25 02:07:00
216,Darci,Marisa,Darci.Marisa@yopmail.com,police officer,Honolulu,2024-07-25 02:07:00
217,Ilse,Wilona,Ilse.Wilona@yopmail.com,developer,Kaliningrad,2024-07-25 02:07:00
218,Mariann,Greyson,Mariann.Greyson@yopmail.com,doctor,Niamey,2024-07-25 02:07:00
219,Roberta,Ferino,Roberta.Ferino@yopmail.com,developer,Edmonton,2024-07-25 02:07:00
220,Sadie,Verger,Sadie.Verger@yopmail.com,doctor,Patna,2024-07-25 02:07:00
221,Dolli,Aprile,Dolli.Aprile@yopmail.com,police officer,Cebu City,2024-07-25 02:07:00
222,Randa,Hoban,Randa.Hoban@yopmail.com,police officer,Kandy,2024-07-25 02:07:00
223,Genevra,Rese,Genevra.Rese@yopmail.com,developer,Novosibirsk,2024-07-25 02:07:00
224,Elsie,Hartnett,Elsie.Hartnett@yopmail.com,developer,Douglas,2024-07-25 02:07:00
225,Liana,Mendez,Liana.Mendez@yopmail.com,doctor,Handan,2024-07-25 02:07:00
226,Kirstin,Knowling,Kirstin.Knowling@yopmail.com,firefighter,Milwaukee,2024-07-25 02:07:00
227,Teddie,Aurelio,Teddie.Aurelio@yopmail.com,developer,Amritsar,2024-07-25 02:07:00
228,Teriann,Fax,Teriann.Fax@yopmail.com,doctor,Ankara,2024-07-25 02:07:00
229,Karlee,Romelda,Karlee.Romelda@yopmail.com,police officer,Kingston,2024-07-25 02:07:00
230,Katharina,Burnside,Katharina.Burnside@yopmail.com,firefighter,Nicosia,2024-07-25 02:07:00
231,Bill,Karylin,Bill.Karylin@yopmail.com,developer,Surat,2024-07-25 02:07:00
232,Ernesta,Colp,Ernesta.Colp@yopmail.com,developer,Dededo,2024-07-25 02:07:00
233,Anica,Ledah,Anica.Ledah@yopmail.com,worker,Kharkiv,2024-07-25 02:07:00
234,Edee,Radu,Edee.Radu@yopmail.com,doctor,Ushuaia,2024-07-25 02:07:00
235,Katuscha,Cynar,Katuscha.Cynar@yopmail.com,worker,Belmopan,2024-07-25 02:07:00
236,Nariko,Ferino,Nariko.Ferino@yopmail.com,doctor,Harare,2024-07-25 02:07:00
237,Nadine,Lewes,Nadine.Lewes@yopmail.com,doctor,Concepción,2024-07-25 02:07:00
238,Philis,Maribeth,Philis.Maribeth@yopmail.com,police officer,Riverside,2024-07-25 02:07:00
239,Trudie,Halla,Trudie.Halla@yopmail.com,developer,Bangalore,2024-07-25 02:07:00
240,Paola,Madox,Paola.Madox@yopmail.com,police officer,Pelotas,2024-07-25 02:07:00
241,Jolyn,Rogerio,Jolyn.Rogerio@yopmail.com,worker,Yokohama,2024-07-25 02:07:00
242,Rubie,Eliathas,Rubie.Eliathas@yopmail.com,firefighter,Perm,2024-07-25 02:07:00
243,Ilse,Brian,Ilse.Brian@yopmail.com,worker,Barranquilla,2024-07-25 02:07:00
244,Janeczka,Smitt,Janeczka.Smitt@yopmail.com,doctor,Manaus,2024-07-25 02:07:00
245,Ann-Marie,Taam,Ann-Marie.Taam@yopmail.com,worker,Addis Ababa,2024-07-25 02:07:00
246,Melisent,Hermes,Melisent.Hermes@yopmail.com,firefighter,Santiago,2024-07-25 02:07:00
247,Lusa,Bigner,Lusa.Bigner@yopmail.com,doctor,Hangzhou,2024-07-25 02:07:00
248,Henriette,Kiyoshi,Henriette.Kiyoshi@yopmail.com,police officer,Melbourne,2024-07-25 02:07:00
249,Britni,Pyle,Britni.Pyle@yopmail.com,police officer,Moscow,2024-07-25 02:07:00
250,Dale,Valerio,Dale.Valerio@yopmail.com,police officer,Bogor,2024-07-25 02:07:00
251,Gusty,Ludewig,Gusty.Ludewig@yopmail.com,firefighter,Montevideo,2024-07-25 02:07:00
252,Fanchon,Thornburg,Fanchon.Thornburg@yopmail.com,police officer,Ashgabat,2024-07-25 02:07:00
253,Maisey,Hertzfeld,Maisey.Hertzfeld@yopmail.com,developer,Zhengzhou,2024-07-25 02:07:00
254,Mady,Carolin,Mady.Carolin@yopmail.com,doctor,Cebu City,2024-07-25 02:07:00
255,Michaelina,Ehrman,Michaelina.Ehrman@yopmail.com,developer,Quebec City,2024-07-25 02:07:00
256,Tami,Iphlgenia,Tami.Iphlgenia@yopmail.com,worker,Quezon City,2024-07-25 02:07:00
257,Britte,Simmonds,Britte.Simmonds@yopmail.com,developer,Santo Domingo,2024-07-25 02:07:00
258,Selma,Adlare,Selma.Adlare@yopmail.com,firefighter,Tamale,2024-07-25 02:07:00
259,Lenna,Mathilde,Lenna.Mathilde@yopmail.com,police officer,Auckland,2024-07-25 02:07:00
260,Gianina,Stanwood,Gianina.Stanwood@yopmail.com,police officer,Brikama,2024-07-25 02:07:00
261,Myriam,Nicoline,Myriam.Nicoline@yopmail.com,police officer,Tartu,2024-07-25 02:07:00
262,Noelle,Garlinda,Noelle.Garlinda@yopmail.com,worker,Tskhinvali,2024-07-25 02:07:00
263,Lynde,Junie,Lynde.Junie@yopmail.com,worker,Houston,2024-07-25 02:07:00
264,Ivett,Libna,Ivett.Libna@yopmail.com,police officer,Hiroshima,2024-07-25 02:07:00
265,Gwyneth,Darbie,Gwyneth.Darbie@yopmail.com,doctor,Amsterdam,2024-07-25 02:07:00
266,Isa,Jotham,Isa.Jotham@yopmail.com,developer,Calgary,2024-07-25 02:07:00
267,Dorene,Jethro,Dorene.Jethro@yopmail.com,firefighter,Shijiazhuang,2024-07-25 02:07:00
268,Danika,Huggins,Danika.Huggins@yopmail.com,firefighter,Chiang Mai,2024-07-25 02:07:00
269,Dolli,Reneta,Dolli.Reneta@yopmail.com,doctor,Raleigh,2024-07-25 02:07:00
270,Wilma,Blisse,Wilma.Blisse@yopmail.com,firefighter,Almaty,2024-07-25 02:07:00
271,Tobe,Ardeha,Tobe.Ardeha@yopmail.com,firefighter,Brazzaville,2024-07-25 02:07:00
272,Leontine,Darrell,Leontine.Darrell@yopmail.com,firefighter,Srinagar,2024-07-25 02:07:00
273,Mireielle,Ackerley,Mireielle.Ackerley@yopmail.com,firefighter,Surat,2024-07-25 02:07:00
274,Korrie,Jerold,Korrie.Jerold@yopmail.com,doctor,Abidjan,2024-07-25 02:07:00
275,Chere,Carmena,Chere.Carmena@yopmail.com,worker,Milan,2024-07-25 02:07:00
276,Larine,Harriman,Larine.Harriman@yopmail.com,developer,Hiroshima,2024-07-25 02:07:00
277,Valera,Morehouse,Valera.Morehouse@yopmail.com,police officer,Liverpool,2024-07-25 02:07:00
278,Livvyy,Madelene,Livvyy.Madelene@yopmail.com,developer,Adak,2024-07-25 02:07:00
279,Madeleine,Israeli,Madeleine.Israeli@yopmail.com,worker,Khartoum,2024-07-25 02:07:00
280,Rani,Rebecka,Rani.Rebecka@yopmail.com,worker,Maracaibo,2024-07-25 02:07:00
281,Marti,Candy,Marti.Candy@yopmail.com,police officer,Guatemala City,2024-07-25 02:07:00
282,Kassey,Hailee,Kassey.Hailee@yopmail.com,developer,Rosario,2024-07-25 02:07:00
283,June,Harday,June.Harday@yopmail.com,developer,Geneva,2024-07-25 02:07:00
284,Alisha,Sundin,Alisha.Sundin@yopmail.com,worker,Antwerp,2024-07-25 02:07:00
285,Nataline,Ilka,Nataline.Ilka@yopmail.com,doctor,Shenyang,2024-07-25 02:07:00
286,Julieta,Kravits,Julieta.Kravits@yopmail.com,developer,Accra,2024-07-25 02:07:00
287,Ezmeralda,Astra,Ezmeralda.Astra@yopmail.com,firefighter,Astana,2024-07-25 02:07:00
288,Farrah,Waldron,Farrah.Waldron@yopmail.com,police officer,Barranquilla,2024-07-25 02:07:00
289,Jordan,Martsen,Jordan.Martsen@yopmail.com,worker,Tripoli,2024-07-25 02:07:00
290,Elena,Larochelle,Elena.Larochelle@yopmail.com,doctor,Moscow,2024-07-25 02:07:00
291,Ada,Ferino,Ada.Ferino@yopmail.com,police officer,Rio Branco,2024-07-25 02:07:00
292,Elsie,Rubie,Elsie.Rubie@yopmail.com,police officer,Malacca Town,2024-07-25 02:07:00
293,Kerrin,Lowry,Kerrin.Lowry@yopmail.com,firefighter,Labasa,2024-07-25 02:07:00
294,Etta,Chapland,Etta.Chapland@yopmail.com,police officer,Da Nang,2024-07-25 02:07:00
295,Barbi,Hanshaw,Barbi.Hanshaw@yopmail.com,doctor,Veracruz,2024-07-25 02:07:00
296,Kary,Docilla,Kary.Docilla@yopmail.com,developer,Edinburgh,2024-07-25 02:07:00
297,Vinita,Oriana,Vinita.Oriana@yopmail.com,worker,Omsk,2024-07-25 02:07:00
298,Danika,Maiah,Danika.Maiah@yopmail.com,firefighter,Cape Town,2024-07-25 02:07:00
299,Verla,Sekofski,Verla.Sekofski@yopmail.com,doctor,Charlotte,2024-07-25 02:07:00
300,Berget,Milde,Berget.Milde@yopmail.com,worker,Portland,2024-07-25 02:07:00
301,Raina,Nickola,Raina.Nickola@yopmail.com,doctor,La Serena,2024-07-25 02:07:00
302,Valera,Schonfeld,Valera.Schonfeld@yopmail.com,police officer,Melekeok,2024-07-25 02:07:00
303,Stacey,Sidonius,Stacey.Sidonius@yopmail.com,developer,Copenhagen,2024-07-25 02:07:00
304,Carly,Hewitt,Carly.Hewitt@yopmail.com,doctor,Oslo,2024-07-25 02:07:00
305,Tera,Jacobah,Tera.Jacobah@yopmail.com,worker,Yogyakarta (city),2024-07-25 02:07:00
306,Edyth,Dichy,Edyth.Dichy@yopmail.com,firefighter,Yerevan,2024-07-25 02:07:00
307,Kenna,Janene,Kenna.Janene@yopmail.com,doctor,Papeete,2024-07-25 02:07:00
308,Sandie,Jillane,Sandie.Jillane@yopmail.com,developer,Bissau,2024-07-25 02:07:00
309,Delilah,Land,Delilah.Land@yopmail.com,firefighter,Avarua,2024-07-25 02:07:00
310,Jobi,Doig,Jobi.Doig@yopmail.com,firefighter,Hat Yai,2024-07-25 02:07:00
311,Nollie,Alcott,Nollie.Alcott@yopmail.com,police officer,Kawasaki,2024-07-25 02:07:00
312,Elmira,Sothena,Elmira.Sothena@yopmail.com,worker,Iquique,2024-07-25 02:07:00
313,Michaelina,Pandolfi,Michaelina.Pandolfi@yopmail.com,doctor,Punta Arenas,2024-07-25 02:07:00
314,Dede,Carmena,Dede.Carmena@yopmail.com,doctor,Taipei,2024-07-25 02:07:00
315,Marguerite,Love,Marguerite.Love@yopmail.com,doctor,Greenwich,2024-07-25 02:07:00
316,Morganica,Virgin,Morganica.Virgin@yopmail.com,firefighter,Amritsar,2024-07-25 02:07:00
317,Bee,Adalbert,Bee.Adalbert@yopmail.com,police officer,Austin,2024-07-25 02:07:00
318,Celisse,Tiffa,Celisse.Tiffa@yopmail.com,police officer,Townsville,2024-07-25 02:07:00
319,Fredericka,Abbot,Fredericka.Abbot@yopmail.com,police officer,Davao City,2024-07-25 02:07:00
320,Hallie,Tatianas,Hallie.Tatianas@yopmail.com,police officer,Praia,2024-07-25 02:07:00
321,Violet,Barrus,Violet.Barrus@yopmail.com,developer,Hanoi,2024-07-25 02:07:00
322,Aubrie,Kress,Aubrie.Kress@yopmail.com,police officer,Funafuti,2024-07-25 02:07:00
323,Fredericka,Mendez,Fredericka.Mendez@yopmail.com,firefighter,Leeds,2024-07-25 02:07:00
324,Rozele,Amadas,Rozele.Amadas@yopmail.com,developer,Padang,2024-07-25 02:07:00
325,Dede,Wooster,Dede.Wooster@yopmail.com,firefighter,San José,2024-07-25 02:07:00
326,Amalie,Teddman,Amalie.Teddman@yopmail.com,firefighter,Kuching,2024-07-25 02:07:00
327,Caressa,Remmer,Caressa.Remmer@yopmail.com,worker,Durango,2024-07-25 02:07:00
328,Ardeen,Wind,Ardeen.Wind@yopmail.com,worker,Brazzaville,2024-07-25 02:07:00
329,Frank,Clara,Frank.Clara@yopmail.com,worker,Bucharest,2024-07-25 02:07:00
330,Averyl,Anderea,Averyl.Anderea@yopmail.com,developer,Tallinn,2024-07-25 02:07:00
331,Chastity,Burnside,Chastity.Burnside@yopmail.com,firefighter,Santiago,2024-07-25 02:07:00
332,Ronna,Emmy,Ronna.Emmy@yopmail.com,doctor,Bahía Blanca,2024-07-25 02:07:00
333,Rhea,Eben,Rhea.Eben@yopmail.com,firefighter,Ndola,2024-07-25 02:07:00
334,Elsie,Aloise,Elsie.Aloise@yopmail.com,worker,Niamey,2024-07-25 02:07:00
335,Randa,Thar,Randa.Thar@yopmail.com,police officer,Surat Thani,2024-07-25 02:07:00
336,Ingrid,Wittie,Ingrid.Wittie@yopmail.com,police officer,Kyoto,2024-07-25 02:07:00
337,Pearline,Hoban,Pearline.Hoban@yopmail.com,developer,Bandar Seri Begawan,2024-07-25 02:07:00
338,Florie,Tjon,Florie.Tjon@yopmail.com,police officer,Kano,2024-07-25 02:07:00
339,Roxane,Melleta,Roxane.Melleta@yopmail.com,firefighter,Alofi,2024-07-25 02:07:00
340,Feliza,Love,Feliza.Love@yopmail.com,firefighter,Berlin,2024-07-25 02:07:00
341,Kimmy,Torray,Kimmy.Torray@yopmail.com,doctor,Leeds,2024-07-25 02:07:00
342,Evita,Judye,Evita.Judye@yopmail.com,developer,Karachi,2024-07-25 02:07:00
343,Madeleine,Morrill,Madeleine.Morrill@yopmail.com,developer,Osaka,2024-07-25 02:07:00
344,Aimil,Dawkins,Aimil.Dawkins@yopmail.com,firefighter,Assis,2024-07-25 02:07:00
345,Maisey,Anton,Maisey.Anton@yopmail.com,firefighter,Warsaw,2024-07-25 02:07:00
346,Candy,Phaidra,Candy.Phaidra@yopmail.com,firefighter,Antananarivo,2024-07-25 02:07:00
347,Rubie,Codding,Rubie.Codding@yopmail.com,firefighter,Handan,2024-07-25 02:07:00
348,Patricia,Georgy,Patricia.Georgy@yopmail.com,developer,Perm,2024-07-25 02:07:00
349,Vonny,Himelman,Vonny.Himelman@yopmail.com,firefighter,Kabul,2024-07-25 02:07:00
350,Annaliese,Edee,Annaliese.Edee@yopmail.com,worker,Thiès,2024-07-25 02:07:00
351,Talya,Harriman,Talya.Harriman@yopmail.com,police officer,Philadelphia,2024-07-25 02:07:00
352,Maridel,Jenness,Maridel.Jenness@yopmail.com,firefighter,Daegu,2024-07-25 02:07:00
353,Inga,Old,Inga.Old@yopmail.com,developer,Harare,2024-07-25 02:07:00
354,Aigneis,Truc,Aigneis.Truc@yopmail.com,worker,Conakry,2024-07-25 02:07:00
355,Amii,Cohdwell,Amii.Cohdwell@yopmail.com,police officer,Nantes,2024-07-25 02:07:00
356,Theodora,Sinegold,Theodora.Sinegold@yopmail.com,developer,Hamburg,2024-07-25 02:07:00
357,Melanie,McLaughlin,Melanie.McLaughlin@yopmail.com,worker,Changchun,2024-07-25 02:07:00
358,Shauna,Pearse,Shauna.Pearse@yopmail.com,worker,Castries,2024-07-25 02:07:00
359,Rayna,Cimbura,Rayna.Cimbura@yopmail.com,firefighter,Da Nang,2024-07-25 02:07:00
360,Teriann,Terencio,Teriann.Terencio@yopmail.com,doctor,Doha,2024-07-25 02:07:00
361,Katleen,Joachim,Katleen.Joachim@yopmail.com,worker,Yangon,2024-07-25 02:07:00
362,Raf,Dichy,Raf.Dichy@yopmail.com,doctor,Lubumbashi,2024-07-25 02:07:00
363,Dotty,Jethro,Dotty.Jethro@yopmail.com,firefighter,Bissau,2024-07-25 02:07:00
364,Teriann,Colbert,Teriann.Colbert@yopmail.com,police officer,Bergen,2024-07-25 02:07:00
365,Alie,Callista,Alie.Callista@yopmail.com,developer,Pattaya,2024-07-25 02:07:00
366,Lulita,Mitzi,Lulita.Mitzi@yopmail.com,police officer,Taichung,2024-07-25 02:07:00
367,Dania,McLaughlin,Dania.McLaughlin@yopmail.com,developer,City of San Marino,2024-07-25 02:07:00
368,Selia,Selway,Selia.Selway@yopmail.com,firefighter,Cebu City,2024-07-25 02:07:00
369,June,Chandler,June.Chandler@yopmail.com,developer,San José,2024-07-25 02:07:00
370,Hannis,Roche,Hannis.Roche@yopmail.com,developer,Tbilisi,2024-07-25 02:07:00
371,Annora,Sacken,Annora.Sacken@yopmail.com,firefighter,Jersey City,2024-07-25 02:07:00
372,Ariela,Andrel,Ariela.Andrel@yopmail.com,developer,Houston,2024-07-25 02:07:00
373,Agathe,Sabella,Agathe.Sabella@yopmail.com,developer,Athens,2024-07-25 02:07:00
374,Brianna,Kristi,Brianna.Kristi@yopmail.com,doctor,Changchun,2024-07-25 02:07:00
375,Malina,Judye,Malina.Judye@yopmail.com,doctor,Belém,2024-07-25 02:07:00
376,Sidoney,Uund,Sidoney.Uund@yopmail.com,developer,Málaga,2024-07-25 02:07:00
377,Gusella,Seumas,Gusella.Seumas@yopmail.com,police officer,Maceió,2024-07-25 02:07:00
378,Vonny,Hortensia,Vonny.Hortensia@yopmail.com,police officer,Samara,2024-07-25 02:07:00
379,Miquela,Secrest,Miquela.Secrest@yopmail.com,developer,Malabo,2024-07-25 02:07:00
380,Teddie,Jammal,Teddie.Jammal@yopmail.com,worker,Kandahar,2024-07-25 02:07:00
381,Tori,Belldas,Tori.Belldas@yopmail.com,worker,Caracas,2024-07-25 02:07:00
382,Genovera,Rugen,Genovera.Rugen@yopmail.com,developer,Lisbon,2024-07-25 02:07:00
383,Rhea,Teddman,Rhea.Teddman@yopmail.com,developer,Yaren District,2024-07-25 02:07:00
384,Laure,Plato,Laure.Plato@yopmail.com,police officer,Palikir,2024-07-25 02:07:00
385,Deirdre,Barbey,Deirdre.Barbey@yopmail.com,worker,Makassar,2024-07-25 02:07:00
386,Kary,Hertzfeld,Kary.Hertzfeld@yopmail.com,worker,The Hague,2024-07-25 02:07:00
387,June,Poll,June.Poll@yopmail.com,firefighter,Singapore,2024-07-25 02:07:00
388,Oralee,Percy,Oralee.Percy@yopmail.com,police officer,Minneapolis,2024-07-25 02:07:00
389,Karolina,Nedrud,Karolina.Nedrud@yopmail.com,firefighter,Washington,2024-07-25 02:07:00
390,Briney,Armanda,Briney.Armanda@yopmail.com,firefighter,Abu Dhabi,2024-07-25 02:07:00
391,Sidoney,Erlandson,Sidoney.Erlandson@yopmail.com,developer,Charlotte Amalie,2024-07-25 02:07:00
392,Demetris,Flyn,Demetris.Flyn@yopmail.com,worker,Andorra la Vella,2024-07-25 02:07:00
393,Lyssa,Harl,Lyssa.Harl@yopmail.com,police officer,Wichita,2024-07-25 02:07:00
394,Brena,Raseda,Brena.Raseda@yopmail.com,worker,Kaohsiung,2024-07-25 02:07:00
395,Blondelle,Alabaster,Blondelle.Alabaster@yopmail.com,police officer,Maracaibo,2024-07-25 02:07:00
396,Gianina,Gahl,Gianina.Gahl@yopmail.com,firefighter,Pune,2024-07-25 02:07:00
397,Mara,Hunfredo,Mara.Hunfredo@yopmail.com,developer,Pago Pago,2024-07-25 02:07:00
398,Modestia,Corrine,Modestia.Corrine@yopmail.com,police officer,Lahore,2024-07-25 02:07:00
399,Ardeen,Kylander,Ardeen.Kylander@yopmail.com,developer,Nassau,2024-07-25 02:07:00
400,Josephine,Rosalba,Josephine.Rosalba@yopmail.com,firefighter,Lisbon,2024-07-25 02:07:00
401,Jinny,Aurelio,Jinny.Aurelio@yopmail.com,police officer,Khartoum,2024-07-25 02:07:00
402,Sandie,Pillsbury,Sandie.Pillsbury@yopmail.com,worker,Baghdad,2024-07-25 02:07:00
403,Justinn,Payson,Justinn.Payson@yopmail.com,worker,Pago Pago,2024-07-25 02:07:00
404,Amii,Anton,Amii.Anton@yopmail.com,worker,Srinagar,2024-07-25 02:07:00
405,Nataline,Kannry,Nataline.Kannry@yopmail.com,worker,Ushuaia,2024-07-25 02:07:00
406,Blake,Ajay,Blake.Ajay@yopmail.com,doctor,San Salvador,2024-07-25 02:07:00
407,Darlleen,Schalles,Darlleen.Schalles@yopmail.com,worker,Adana,2024-07-25 02:07:00
408,Phylis,Gert,Phylis.Gert@yopmail.com,doctor,Valencia,2024-07-25 02:07:00
409,Dorene,Yerkovich,Dorene.Yerkovich@yopmail.com,doctor,Baku,2024-07-25 02:07:00
410,Kaja,Knowling,Kaja.Knowling@yopmail.com,firefighter,Belém,2024-07-25 02:07:00
411,Keelia,Reneta,Keelia.Reneta@yopmail.com,doctor,Fukuoka,2024-07-25 02:07:00
412,Tiffie,Magdalen,Tiffie.Magdalen@yopmail.com,police officer,Gaziantep,2024-07-25 02:07:00
413,Christian,Rebecka,Christian.Rebecka@yopmail.com,police officer,Abu Dhabi,2024-07-25 02:07:00
414,Marita,Kaja,Marita.Kaja@yopmail.com,doctor,Hobart,2024-07-25 02:07:00
415,Ketti,Uird,Ketti.Uird@yopmail.com,doctor,Berlin,2024-07-25 02:07:00
416,Corina,Santoro,Corina.Santoro@yopmail.com,firefighter,Bucharest,2024-07-25 02:07:00
417,Ursulina,Zola,Ursulina.Zola@yopmail.com,police officer,Reykjavík,2024-07-25 02:07:00
418,Collen,Tound,Collen.Tound@yopmail.com,police officer,Maputo,2024-07-25 02:07:00
419,Nyssa,Lasley,Nyssa.Lasley@yopmail.com,worker,Chittagong,2024-07-25 02:07:00
420,Theodora,Hoban,Theodora.Hoban@yopmail.com,worker,Nagpur,2024-07-25 02:07:00
421,Mureil,Tillford,Mureil.Tillford@yopmail.com,doctor,Makassar,2024-07-25 02:07:00
422,Rayna,Emmy,Rayna.Emmy@yopmail.com,doctor,Bergen,2024-07-25 02:07:00
423,Madalyn,Bluh,Madalyn.Bluh@yopmail.com,worker,Regina,2024-07-25 02:07:00
424,Annice,Dom,Annice.Dom@yopmail.com,police officer,Anadyr (town),2024-07-25 02:07:00
425,Maye,Prouty,Maye.Prouty@yopmail.com,worker,Arequipa,2024-07-25 02:07:00
426,Edee,Othilia,Edee.Othilia@yopmail.com,worker,Rabat,2024-07-25 02:07:00
427,Priscilla,Gaal,Priscilla.Gaal@yopmail.com,police officer,Santa Cruz de la Sierra,2024-07-25 02:07:00
428,Ayn,Lenny,Ayn.Lenny@yopmail.com,worker,Oklahoma City,2024-07-25 02:07:00
429,Ulrike,An,Ulrike.An@yopmail.com,worker,Vilnius,2024-07-25 02:07:00
430,Anica,Chabot,Anica.Chabot@yopmail.com,firefighter,Maseru,2024-07-25 02:07:00
431,Deedee,Elisha,Deedee.Elisha@yopmail.com,police officer,Malé,2024-07-25 02:07:00
432,Gale,Ivens,Gale.Ivens@yopmail.com,worker,Edinburgh,2024-07-25 02:07:00
433,Jsandye,Garbe,Jsandye.Garbe@yopmail.com,worker,Tegucigalpa,2024-07-25 02:07:00
434,Donnie,Merriott,Donnie.Merriott@yopmail.com,firefighter,Auckland,2024-07-25 02:07:00
435,Elvira,Yuille,Elvira.Yuille@yopmail.com,doctor,Cotonou,2024-07-25 02:07:00
436,Jacquetta,Borrell,Jacquetta.Borrell@yopmail.com,developer,Palikir,2024-07-25 02:07:00
437,Pearline,Kathie,Pearline.Kathie@yopmail.com,developer,Puerto Williams,2024-07-25 02:07:00
438,Gusella,Atcliffe,Gusella.Atcliffe@yopmail.com,police officer,Hong Kong,2024-07-25 02:07:00
439,Evita,Uund,Evita.Uund@yopmail.com,firefighter,Marrakech,2024-07-25 02:07:00
440,Kate,Lindemann,Kate.Lindemann@yopmail.com,worker,Ushuaia,2024-07-25 02:07:00
441,Sophia,Palocz,Sophia.Palocz@yopmail.com,firefighter,Reykjavík,2024-07-25 02:07:00
442,Nessie,Delp,Nessie.Delp@yopmail.com,developer,Nanjing,2024-07-25 02:07:00
443,Doralynne,Andrel,Doralynne.Andrel@yopmail.com,police officer,Kuwait City,2024-07-25 02:07:00
444,Dominga,Claudine,Dominga.Claudine@yopmail.com,doctor,Mexico City,2024-07-25 02:07:00
445,Rhoda,Michella,Rhoda.Michella@yopmail.com,police officer,Kawasaki,2024-07-25 02:07:00
446,Pollyanna,Means,Pollyanna.Means@yopmail.com,police officer,Paris,2024-07-25 02:07:00
447,Dyann,Aida,Dyann.Aida@yopmail.com,firefighter,Mandurah,2024-07-25 02:07:00
448,Cathyleen,Rossner,Cathyleen.Rossner@yopmail.com,doctor,Kobe,2024-07-25 02:07:00
449,Dede,Melony,Dede.Melony@yopmail.com,worker,Daegu,2024-07-25 02:07:00
450,Gertrud,Karl,Gertrud.Karl@yopmail.com,police officer,Chihuahua,2024-07-25 02:07:00
451,Courtnay,Noam,Courtnay.Noam@yopmail.com,firefighter,Macau,2024-07-25 02:07:00
452,Berget,Margret,Berget.Margret@yopmail.com,firefighter,Manchester,2024-07-25 02:07:00
453,Mellicent,Chesna,Mellicent.Chesna@yopmail.com,developer,Lima,2024-07-25 02:07:00
454,Marika,Schenck,Marika.Schenck@yopmail.com,police officer,Linz,2024-07-25 02:07:00
455,Mathilda,Ventre,Mathilda.Ventre@yopmail.com,firefighter,Boa Vista,2024-07-25 02:07:00
456,Penelopa,Markman,Penelopa.Markman@yopmail.com,firefighter,Rio de Janeiro,2024-07-25 02:07:00
457,Florencia,O'Rourke,Florencia.O'Rourke@yopmail.com,worker,Campo Grande,2024-07-25 02:07:00
458,Danny,Rhu,Danny.Rhu@yopmail.com,doctor,Kuching,2024-07-25 02:07:00
459,Aigneis,Aldric,Aigneis.Aldric@yopmail.com,worker,Santa Cruz de la Sierra,2024-07-25 02:07:00
460,Kaia,Taima,Kaia.Taima@yopmail.com,police officer,Porto Alegre,2024-07-25 02:07:00
461,Caryl,Izaak,Caryl.Izaak@yopmail.com,worker,Jacksonville,2024-07-25 02:07:00
462,Correy,Annabella,Correy.Annabella@yopmail.com,firefighter,Brazzaville,2024-07-25 02:07:00
463,Kamilah,Remmer,Kamilah.Remmer@yopmail.com,developer,Arequipa,2024-07-25 02:07:00
464,Jeanna,Clara,Jeanna.Clara@yopmail.com,doctor,Baku,2024-07-25 02:07:00
465,Nyssa,Hoenack,Nyssa.Hoenack@yopmail.com,firefighter,Dublin,2024-07-25 02:07:00
466,Brianna,Bonilla,Brianna.Bonilla@yopmail.com,worker,Saint Petersburg,2024-07-25 02:07:00
467,Shirlee,Bigner,Shirlee.Bigner@yopmail.com,police officer,Yellowknife,2024-07-25 02:07:00
468,Ilse,Marlie,Ilse.Marlie@yopmail.com,worker,Adamstown,2024-07-25 02:07:00
469,Melodie,Ochs,Melodie.Ochs@yopmail.com,worker,Adana,2024-07-25 02:07:00
470,Ursulina,Brotherson,Ursulina.Brotherson@yopmail.com,firefighter,Stepanakert,2024-07-25 02:07:00
471,Maud,Goerke,Maud.Goerke@yopmail.com,developer,Gangtok,2024-07-25 02:07:00
472,Jackie,Kelula,Jackie.Kelula@yopmail.com,police officer,Kinshasa,2024-07-25 02:07:00
473,Lucille,Jess,Lucille.Jess@yopmail.com,firefighter,Lucknow,2024-07-25 02:07:00
474,Melina,Fosque,Melina.Fosque@yopmail.com,worker,Tbilisi,2024-07-25 02:07:00
475,Aurore,Aloise,Aurore.Aloise@yopmail.com,doctor,Wichita,2024-07-25 02:07:00
476,Grier,Aldric,Grier.Aldric@yopmail.com,developer,Turin,2024-07-25 02:07:00
477,Kerrin,Vanni,Kerrin.Vanni@yopmail.com,doctor,Wuhan,2024-07-25 02:07:00
478,Mara,Elephus,Mara.Elephus@yopmail.com,police officer,Addis Ababa,2024-07-25 02:07:00
479,Vinita,Fax,Vinita.Fax@yopmail.com,worker,San José,2024-07-25 02:07:00
480,Consuela,Kussell,Consuela.Kussell@yopmail.com,worker,Ushuaia,2024-07-25 02:07:00
481,Shirlee,Pulsifer,Shirlee.Pulsifer@yopmail.com,doctor,Yakutsk,2024-07-25 02:07:00
482,Melodie,Berne,Melodie.Berne@yopmail.com,worker,Bogotá,2024-07-25 02:07:00
483,Sidoney,Schroth,Sidoney.Schroth@yopmail.com,firefighter,Leeds,2024-07-25 02:07:00
484,Bobinette,Dex,Bobinette.Dex@yopmail.com,police officer,Tianjin,2024-07-25 02:07:00
485,Augustine,Newell,Augustine.Newell@yopmail.com,firefighter,Kathmandu,2024-07-25 02:07:00
486,Dari,Bergman,Dari.Bergman@yopmail.com,firefighter,Dibrugarh,2024-07-25 02:07:00
487,Nelle,Alisia,Nelle.Alisia@yopmail.com,police officer,San Fernando,2024-07-25 02:07:00
488,Mamie,Arquit,Mamie.Arquit@yopmail.com,firefighter,Oslo,2024-07-25 02:07:00
489,Jennica,My,Jennica.My@yopmail.com,worker,Vienna,2024-07-25 02:07:00
490,Marnia,Grosz,Marnia.Grosz@yopmail.com,developer,Kaesong,2024-07-25 02:07:00
491,Britni,Pitt,Britni.Pitt@yopmail.com,police officer,Minsk,2024-07-25 02:07:00
492,Rori,Roarke,Rori.Roarke@yopmail.com,developer,Leipzig,2024-07-25 02:07:00
493,Lesly,Blisse,Lesly.Blisse@yopmail.com,doctor,Winnipeg,2024-07-25 02:07:00
494,Ketti,Japeth,Ketti.Japeth@yopmail.com,worker,Porto,2024-07-25 02:07:00
495,Peri,Gilbertson,Peri.Gilbertson@yopmail.com,firefighter,Tijuana,2024-07-25 02:07:00
496,Berget,Dudley,Berget.Dudley@yopmail.com,firefighter,Cork (city),2024-07-25 02:07:00
497,Fanny,Rugen,Fanny.Rugen@yopmail.com,firefighter,Doha,2024-07-25 02:07:00
498,Dominga,Girardo,Dominga.Girardo@yopmail.com,firefighter,Dili,2024-07-25 02:07:00
499,Augustine,Greyson,Augustine.Greyson@yopmail.com,doctor,Addis Ababa,2024-07-25 02:07:00
500,Inga,Connelly,Inga.Connelly@yopmail.com,police officer,Philadelphia,2024-07-25 02:07:00
501,Raf,Bonucci,Raf.Bonucci@yopmail.com,firefighter,Guatemala City,2024-07-25 02:07:00
502,Krystle,Crudden,Krystle.Crudden@yopmail.com,doctor,Doha,2024-07-25 02:07:00
503,Fawne,Bach,Fawne.Bach@yopmail.com,worker,Vienna,2024-07-25 02:07:00
504,Tobe,Modie,Tobe.Modie@yopmail.com,developer,Tórshavn,2024-07-25 02:07:00
505,Melodie,Si,Melodie.Si@yopmail.com,police officer,Porto,2024-07-25 02:07:00
506,Maridel,Croix,Maridel.Croix@yopmail.com,developer,La Serena,2024-07-25 02:07:00
507,Tomasina,Ledah,Tomasina.Ledah@yopmail.com,worker,Lomé,2024-07-25 02:07:00
508,Patricia,Waldron,Patricia.Waldron@yopmail.com,police officer,Bulawayo,2024-07-25 02:07:00
509,Inga,Ader,Inga.Ader@yopmail.com,doctor,Dibrugarh,2024-07-25 02:07:00
510,Imojean,Bergman,Imojean.Bergman@yopmail.com,police officer,Murmansk,2024-07-25 02:07:00
511,Phedra,Keelia,Phedra.Keelia@yopmail.com,worker,Guwahati,2024-07-25 02:07:00
512,Lorne,Redmond,Lorne.Redmond@yopmail.com,doctor,Dallas,2024-07-25 02:07:00
513,Sean,Amadas,Sean.Amadas@yopmail.com,doctor,Dubai,2024-07-25 02:07:00
514,Janey,Kendrick,Janey.Kendrick@yopmail.com,developer,Shenyang,2024-07-25 02:07:00
515,Lynnea,Joni,Lynnea.Joni@yopmail.com,police officer,Hiroshima,2024-07-25 02:07:00
516,Ayn,Olympium,Ayn.Olympium@yopmail.com,developer,Yaoundé,2024-07-25 02:07:00
517,Stephanie,Lymann,Stephanie.Lymann@yopmail.com,doctor,Philadelphia,2024-07-25 02:07:00
518,Regina,Rugen,Regina.Rugen@yopmail.com,police officer,Geneva,2024-07-25 02:07:00
519,Starla,Pascia,Starla.Pascia@yopmail.com,firefighter,Philadelphia,2024-07-25 02:07:00
520,Krystle,Naashom,Krystle.Naashom@yopmail.com,doctor,Caracas,2024-07-25 02:07:00
521,Verla,Wyn,Verla.Wyn@yopmail.com,worker,Shijiazhuang,2024-07-25 02:07:00
522,Adelle,Travax,Adelle.Travax@yopmail.com,developer,Santiago,2024-07-25 02:07:00
523,Brynna,Faust,Brynna.Faust@yopmail.com,developer,Shigatse,2024-07-25 02:07:00
524,Isa,Lorenz,Isa.Lorenz@yopmail.com,developer,Phuket (city),2024-07-25 02:07:00
525,Britni,Drisko,Britni.Drisko@yopmail.com,worker,San Diego,2024-07-25 02:07:00
526,Etta,Zenas,Etta.Zenas@yopmail.com,worker,Roseau,2024-07-25 02:07:00
527,Xylina,Linehan,Xylina.Linehan@yopmail.com,firefighter,Kyoto,2024-07-25 02:07:00
528,Collen,Kaete,Collen.Kaete@yopmail.com,police officer,La Paz,2024-07-25 02:07:00
529,Livvyy,Corabella,Livvyy.Corabella@yopmail.com,worker,Manama,2024-07-25 02:07:00
530,Fanchon,Duwalt,Fanchon.Duwalt@yopmail.com,firefighter,Dakar,2024-07-25 02:07:00
531,Nanete,Masao,Nanete.Masao@yopmail.com,police officer,Bandar Seri Begawan,2024-07-25 02:07:00
532,Starla,Anton,Starla.Anton@yopmail.com,doctor,Fortaleza,2024-07-25 02:07:00
533,Courtnay,Jagir,Courtnay.Jagir@yopmail.com,worker,City of San Marino,2024-07-25 02:07:00
534,Coral,Alarise,Coral.Alarise@yopmail.com,firefighter,Quezon City,2024-07-25 02:07:00
535,Minne,Bashemeth,Minne.Bashemeth@yopmail.com,police officer,La Paz,2024-07-25 02:07:00
536,Adriana,Bates,Adriana.Bates@yopmail.com,doctor,Yaoundé,2024-07-25 02:07:00
537,Blinni,Merriott,Blinni.Merriott@yopmail.com,worker,Vitória,2024-07-25 02:07:00
538,Nikki,Yoko,Nikki.Yoko@yopmail.com,worker,Canberra,2024-07-25 02:07:00
539,Glynnis,Janith,Glynnis.Janith@yopmail.com,doctor,Port of Spain,2024-07-25 02:07:00
540,Lorenza,Linehan,Lorenza.Linehan@yopmail.com,worker,Phnom Penh,2024-07-25 02:07:00
541,Jenda,Sabella,Jenda.Sabella@yopmail.com,firefighter,Tucson,2024-07-25 02:07:00
542,Gertrud,Medrek,Gertrud.Medrek@yopmail.com,firefighter,Batticaloa,2024-07-25 02:07:00
543,Aubrie,Sikorski,Aubrie.Sikorski@yopmail.com,police officer,Odessa,2024-07-25 02:07:00
544,Vivia,Peg,Vivia.Peg@yopmail.com,firefighter,Changchun,2024-07-25 02:07:00
545,Selma,Chinua,Selma.Chinua@yopmail.com,doctor,Gaziantep,2024-07-25 02:07:00
546,Genovera,O'Neill,Genovera.O'Neill@yopmail.com,doctor,Dibrugarh,2024-07-25 02:07:00
547,Hayley,Tremayne,Hayley.Tremayne@yopmail.com,police officer,Ulan Bator,2024-07-25 02:07:00
548,Aeriela,Tayib,Aeriela.Tayib@yopmail.com,worker,Calgary,2024-07-25 02:07:00
549,Annabela,Leffen,Annabela.Leffen@yopmail.com,worker,Lilongwe,2024-07-25 02:07:00
550,Raquela,Anyah,Raquela.Anyah@yopmail.com,firefighter,Tucson,2024-07-25 02:07:00
551,Pollyanna,Emmy,Pollyanna.Emmy@yopmail.com,worker,Kraków,2024-07-25 02:07:00
552,Katleen,Sigfrid,Katleen.Sigfrid@yopmail.com,developer,Kolkata,2024-07-25 02:07:00
553,Ebonee,Guildroy,Ebonee.Guildroy@yopmail.com,doctor,Weno,2024-07-25 02:07:00
554,Thalia,Baylor,Thalia.Baylor@yopmail.com,developer,Konya,2024-07-25 02:07:00
555,Mahalia,Zitvaa,Mahalia.Zitvaa@yopmail.com,firefighter,Medellín,2024-07-25 02:07:00
556,Layla,Eckblad,Layla.Eckblad@yopmail.com,worker,Pune,2024-07-25 02:07:00
557,Tatiania,Hedve,Tatiania.Hedve@yopmail.com,police officer,Phoenix,2024-07-25 02:07:00
558,Iseabal,Lewes,Iseabal.Lewes@yopmail.com,firefighter,Balikpapan,2024-07-25 02:07:00
559,Dorene,Kesley,Dorene.Kesley@yopmail.com,doctor,Anchorage,2024-07-25 02:07:00
560,Ardenia,Jehu,Ardenia.Jehu@yopmail.com,doctor,Sabha,2024-07-25 02:07:00
561,Alexine,Argus,Alexine.Argus@yopmail.com,police officer,Greenwich,2024-07-25 02:07:00
562,Charmaine,Casimir,Charmaine.Casimir@yopmail.com,doctor,Jayapura,2024-07-25 02:07:00
563,Doro,Tound,Doro.Tound@yopmail.com,police officer,Belmopan,2024-07-25 02:07:00
564,Hildegaard,Isacco,Hildegaard.Isacco@yopmail.com,police officer,Yakutsk,2024-07-25 02:07:00
565,Bobinette,Hewitt,Bobinette.Hewitt@yopmail.com,firefighter,Funafuti,2024-07-25 02:07:00
566,Cathie,Newell,Cathie.Newell@yopmail.com,doctor,Geelong,2024-07-25 02:07:00
567,Ardeen,Amasa,Ardeen.Amasa@yopmail.com,firefighter,Peshawar,2024-07-25 02:07:00
568,Celestyna,Montgomery,Celestyna.Montgomery@yopmail.com,firefighter,Bangui,2024-07-25 02:07:00
569,Larine,Catie,Larine.Catie@yopmail.com,firefighter,Gold Coast,2024-07-25 02:07:00
570,Ernesta,Roarke,Ernesta.Roarke@yopmail.com,worker,Dallas,2024-07-25 02:07:00
571,Arlena,Calhoun,Arlena.Calhoun@yopmail.com,developer,Pattaya,2024-07-25 02:07:00
572,Natka,Bates,Natka.Bates@yopmail.com,police officer,Pelotas,2024-07-25 02:07:00
573,Ileana,Lory,Ileana.Lory@yopmail.com,worker,Port of Spain,2024-07-25 02:07:00
574,Catrina,Ehrman,Catrina.Ehrman@yopmail.com,doctor,Surabaya,2024-07-25 02:07:00
575,Chandra,Idelia,Chandra.Idelia@yopmail.com,doctor,Weno,2024-07-25 02:07:00
576,Nikki,Levey,Nikki.Levey@yopmail.com,developer,Alor Star,2024-07-25 02:07:00
577,Magdalena,Nadia,Magdalena.Nadia@yopmail.com,firefighter,San Francisco,2024-07-25 02:07:00
578,Dulcinea,Greenwald,Dulcinea.Greenwald@yopmail.com,firefighter,Accra,2024-07-25 02:07:00
579,Eve,Rhu,Eve.Rhu@yopmail.com,police officer,Tunis,2024-07-25 02:07:00
580,Carmencita,Celestine,Carmencita.Celestine@yopmail.com,firefighter,Monrovia,2024-07-25 02:07:00
581,Jacenta,Oscar,Jacenta.Oscar@yopmail.com,worker,Bishkek,2024-07-25 02:07:00
582,Renae,Atcliffe,Renae.Atcliffe@yopmail.com,developer,Valletta,2024-07-25 02:07:00
583,Janenna,Jerald,Janenna.Jerald@yopmail.com,worker,Salzburg,2024-07-25 02:07:00
584,Robinia,Belanger,Robinia.Belanger@yopmail.com,worker,Asmara,2024-07-25 02:07:00
585,Betta,Hubert,Betta.Hubert@yopmail.com,worker,Niamey,2024-07-25 02:07:00
586,Sabina,Goth,Sabina.Goth@yopmail.com,worker,Zapopan,2024-07-25 02:07:00
587,Julieta,Bohlin,Julieta.Bohlin@yopmail.com,developer,Bridgetown,2024-07-25 02:07:00
588,Bobbi,Byrne,Bobbi.Byrne@yopmail.com,developer,Santa Cruz de la Sierra,2024-07-25 02:07:00
589,Regina,Constancy,Regina.Constancy@yopmail.com,worker,Odessa,2024-07-25 02:07:00
590,Bertine,Philoo,Bertine.Philoo@yopmail.com,worker,Murmansk,2024-07-25 02:07:00
591,Margarette,Kamaria,Margarette.Kamaria@yopmail.com,worker,Vatican City,2024-07-25 02:07:00
592,Therine,Winthorpe,Therine.Winthorpe@yopmail.com,doctor,Dunedin,2024-07-25 02:07:00
593,Sherrie,Melleta,Sherrie.Melleta@yopmail.com,worker,Kano,2024-07-25 02:07:00
594,Catharine,Aloise,Catharine.Aloise@yopmail.com,worker,Tucson,2024-07-25 02:07:00
595,Lauryn,Knowling,Lauryn.Knowling@yopmail.com,police officer,Macau,2024-07-25 02:07:00
596,Ottilie,Gibbeon,Ottilie.Gibbeon@yopmail.com,police officer,Campinas,2024-07-25 02:07:00
597,Tamqrah,Olnee,Tamqrah.Olnee@yopmail.com,worker,Mendoza,2024-07-25 02:07:00
598,June,Pascia,June.Pascia@yopmail.com,police officer,Wuhan,2024-07-25 02:07:00
599,Tina,Stav,Tina.Stav@yopmail.com,developer,Maracaibo,2024-07-25 02:07:00
600,Sashenka,Morgun,Sashenka.Morgun@yopmail.com,worker,Bern,2024-07-25 02:07:00
601,Lorie,Smitt,Lorie.Smitt@yopmail.com,police officer,Jinan,2024-07-25 02:07:00
602,Bill,Bord,Bill.Bord@yopmail.com,developer,Stuttgart,2024-07-25 02:07:00
603,Fanchon,Jerald,Fanchon.Jerald@yopmail.com,doctor,Sydney,2024-07-25 02:07:00
604,Jacenta,Gwenore,Jacenta.Gwenore@yopmail.com,firefighter,Bangalore,2024-07-25 02:07:00
605,Marsiella,Susannah,Marsiella.Susannah@yopmail.com,doctor,Mérida,2024-07-25 02:07:00
606,Taffy,Barney,Taffy.Barney@yopmail.com,worker,Luxor,2024-07-25 02:07:00
607,June,Bow,June.Bow@yopmail.com,worker,Vaduz,2024-07-25 02:07:00
608,Claresta,Atonsah,Claresta.Atonsah@yopmail.com,worker,Darwin,2024-07-25 02:07:00
609,Hope,Gilmour,Hope.Gilmour@yopmail.com,firefighter,Naples,2024-07-25 02:07:00
610,Benita,Harl,Benita.Harl@yopmail.com,firefighter,South Tarawa,2024-07-25 02:07:00
611,Kirbee,Kannry,Kirbee.Kannry@yopmail.com,doctor,Leipzig,2024-07-25 02:07:00
612,Nadine,Kolnick,Nadine.Kolnick@yopmail.com,doctor,Regina,2024-07-25 02:07:00
613,Adele,Ardeha,Adele.Ardeha@yopmail.com,doctor,Port Said,2024-07-25 02:07:00
614,Sara-Ann,Hepsibah,Sara-Ann.Hepsibah@yopmail.com,worker,Dalian,2024-07-25 02:07:00
615,Gaylene,Nea,Gaylene.Nea@yopmail.com,worker,Córdoba,2024-07-25 02:07:00
616,Kirstin,Margarete,Kirstin.Margarete@yopmail.com,developer,Buffalo,2024-07-25 02:07:00
617,Ann-Marie,Killigrew,Ann-Marie.Killigrew@yopmail.com,worker,Santo Domingo,2024-07-25 02:07:00
618,Wanda,Klemperer,Wanda.Klemperer@yopmail.com,doctor,Khartoum,2024-07-25 02:07:00
619,Maud,Andrel,Maud.Andrel@yopmail.com,doctor,Abidjan,2024-07-25 02:07:00
620,Ardeen,Chobot,Ardeen.Chobot@yopmail.com,firefighter,Basse-Terre,2024-07-25 02:07:00
621,Kirstin,Sisile,Kirstin.Sisile@yopmail.com,developer,Rome,2024-07-25 02:07:00
622,Ira,Sinegold,Ira.Sinegold@yopmail.com,firefighter,Rome,2024-07-25 02:07:00
623,Roseline,Rad,Roseline.Rad@yopmail.com,doctor,Zagreb,2024-07-25 02:07:00
624,Janis,Hutchison,Janis.Hutchison@yopmail.com,developer,Siem Reap,2024-07-25 02:07:00
625,Gavrielle,Leler,Gavrielle.Leler@yopmail.com,firefighter,Santiago,2024-07-25 02:07:00
626,Sam,Jacinda,Sam.Jacinda@yopmail.com,firefighter,Islamabad,2024-07-25 02:07:00
627,Nicoli,Rese,Nicoli.Rese@yopmail.com,worker,Davao City,2024-07-25 02:07:00
628,Marita,Arne,Marita.Arne@yopmail.com,police officer,Kobe,2024-07-25 02:07:00
629,Gianina,Munn,Gianina.Munn@yopmail.com,worker,Jamestown,2024-07-25 02:07:00
630,Kial,Chapland,Kial.Chapland@yopmail.com,firefighter,Longyearbyen,2024-07-25 02:07:00
631,Alia,Cornelia,Alia.Cornelia@yopmail.com,firefighter,Koror,2024-07-25 02:07:00
632,Melina,Doig,Melina.Doig@yopmail.com,firefighter,San Salvador,2024-07-25 02:07:00
633,Kelly,Eliathas,Kelly.Eliathas@yopmail.com,doctor,Zhengzhou,2024-07-25 02:07:00
634,Ethel,Liva,Ethel.Liva@yopmail.com,worker,El Paso,2024-07-25 02:07:00
635,Fanny,Tacye,Fanny.Tacye@yopmail.com,developer,Cologne,2024-07-25 02:07:00
636,Alleen,Ackerley,Alleen.Ackerley@yopmail.com,police officer,Turin,2024-07-25 02:07:00
637,Leona,Docilla,Leona.Docilla@yopmail.com,firefighter,Bissau,2024-07-25 02:07:00
638,Teriann,Roscoe,Teriann.Roscoe@yopmail.com,police officer,Rosario,2024-07-25 02:07:00
639,Diena,Rugen,Diena.Rugen@yopmail.com,worker,Bandung,2024-07-25 02:07:00
640,Lindie,Linskey,Lindie.Linskey@yopmail.com,doctor,Greenwich,2024-07-25 02:07:00
641,Constance,Whiffen,Constance.Whiffen@yopmail.com,doctor,Nouakchott,2024-07-25 02:07:00
642,Latisha,Koziara,Latisha.Koziara@yopmail.com,doctor,São Tomé,2024-07-25 02:07:00
643,Roz,Isidore,Roz.Isidore@yopmail.com,worker,Düsseldorf,2024-07-25 02:07:00
644,Melisent,Christine,Melisent.Christine@yopmail.com,developer,Hilo,2024-07-25 02:07:00
645,Ann-Marie,Japeth,Ann-Marie.Japeth@yopmail.com,developer,Bamako,2024-07-25 02:07:00
646,Kara-Lynn,Jillane,Kara-Lynn.Jillane@yopmail.com,worker,Mbabane,2024-07-25 02:07:00
647,Meghann,Shaver,Meghann.Shaver@yopmail.com,developer,Wollongong,2024-07-25 02:07:00
648,Brynna,Stephie,Brynna.Stephie@yopmail.com,worker,Marseille,2024-07-25 02:07:00
649,Monika,Lissi,Monika.Lissi@yopmail.com,worker,Lanzhou,2024-07-25 02:07:00
650,Florencia,Gaspard,Florencia.Gaspard@yopmail.com,developer,Rabi Island,2024-07-25 02:07:00
651,Kassey,Armanda,Kassey.Armanda@yopmail.com,firefighter,Stanley,2024-07-25 02:07:00
652,Dawn,Wilkinson,Dawn.Wilkinson@yopmail.com,worker,Mata-Utu,2024-07-25 02:07:00
653,Barbara,Wandie,Barbara.Wandie@yopmail.com,firefighter,Tampere,2024-07-25 02:07:00
654,Frieda,Stuart,Frieda.Stuart@yopmail.com,worker,Astana,2024-07-25 02:07:00
655,Carol-Jean,Taima,Carol-Jean.Taima@yopmail.com,police officer,Lilongwe,2024-07-25 02:07:00
656,Sean,Velick,Sean.Velick@yopmail.com,doctor,Providence,2024-07-25 02:07:00
657,Gavrielle,Desai,Gavrielle.Desai@yopmail.com,doctor,Pune,2024-07-25 02:07:00
658,Stephanie,Rosemary,Stephanie.Rosemary@yopmail.com,police officer,Fort-de-France,2024-07-25 02:07:00
659,Chere,Shama,Chere.Shama@yopmail.com,firefighter,Durango,2024-07-25 02:07:00
660,Kittie,Wilkinson,Kittie.Wilkinson@yopmail.com,police officer,Simferopol,2024-07-25 02:07:00
661,June,Rebecka,June.Rebecka@yopmail.com,doctor,San Fernando,2024-07-25 02:07:00
662,Wanda,Maiah,Wanda.Maiah@yopmail.com,police officer,Espoo,2024-07-25 02:07:00
663,Dari,Jeanne,Dari.Jeanne@yopmail.com,police officer,Shenzhen,2024-07-25 02:07:00
664,Catharine,Bronk,Catharine.Bronk@yopmail.com,doctor,Vienna,2024-07-25 02:07:00
665,Krystle,Lia,Krystle.Lia@yopmail.com,worker,Athens,2024-07-25 02:07:00
666,Lita,Lauraine,Lita.Lauraine@yopmail.com,developer,Calgary,2024-07-25 02:07:00
667,Sadie,Berl,Sadie.Berl@yopmail.com,police officer,Paramaribo,2024-07-25 02:07:00
668,Shandie,Ailyn,Shandie.Ailyn@yopmail.com,doctor,Cali,2024-07-25 02:07:00
669,Lacie,Larochelle,Lacie.Larochelle@yopmail.com,developer,Nizhny Novgorod,2024-07-25 02:07:00
670,Tabbatha,Arley,Tabbatha.Arley@yopmail.com,doctor,Juneau,2024-07-25 02:07:00
671,Elsie,Bobbee,Elsie.Bobbee@yopmail.com,developer,Malang,2024-07-25 02:07:00
672,Estell,Trinetta,Estell.Trinetta@yopmail.com,developer,Udon Thani,2024-07-25 02:07:00
673,Ericka,Adlare,Ericka.Adlare@yopmail.com,firefighter,Tijuana,2024-07-25 02:07:00
674,Julieta,Argus,Julieta.Argus@yopmail.com,worker,Kansas City,2024-07-25 02:07:00
675,June,Lunsford,June.Lunsford@yopmail.com,developer,Vitória,2024-07-25 02:07:00
676,Ekaterina,Korey,Ekaterina.Korey@yopmail.com,worker,Ibiza,2024-07-25 02:07:00
677,Fernande,Junie,Fernande.Junie@yopmail.com,doctor,Koulikoro,2024-07-25 02:07:00
678,Gilligan,Nicoline,Gilligan.Nicoline@yopmail.com,police officer,Perth,2024-07-25 02:07:00
679,Jaime,Toor,Jaime.Toor@yopmail.com,police officer,Dar es Salaam,2024-07-25 02:07:00
680,Donnie,Lucienne,Donnie.Lucienne@yopmail.com,worker,Phuket (city),2024-07-25 02:07:00
681,Ardeen,Wu,Ardeen.Wu@yopmail.com,police officer,Makati City,2024-07-25 02:07:00
682,Rochette,Quent,Rochette.Quent@yopmail.com,worker,Samara,2024-07-25 02:07:00
683,Mary,Gregrory,Mary.Gregrory@yopmail.com,police officer,Memphis,2024-07-25 02:07:00
684,Blinni,Wyn,Blinni.Wyn@yopmail.com,police officer,Zagreb,2024-07-25 02:07:00
685,Leanna,Amethist,Leanna.Amethist@yopmail.com,developer,Namangan,2024-07-25 02:07:00
686,Sheelagh,Colleen,Sheelagh.Colleen@yopmail.com,doctor,Los Angeles,2024-07-25 02:07:00
687,Emma,Lea,Emma.Lea@yopmail.com,developer,Taipei,2024-07-25 02:07:00
688,Millie,Barrus,Millie.Barrus@yopmail.com,doctor,Darwin,2024-07-25 02:07:00
689,Addia,Orelee,Addia.Orelee@yopmail.com,police officer,Chuí,2024-07-25 02:07:00
690,Hettie,Winthorpe,Hettie.Winthorpe@yopmail.com,police officer,Riga,2024-07-25 02:07:00
691,Esmeralda,Bendick,Esmeralda.Bendick@yopmail.com,firefighter,Hangzhou,2024-07-25 02:07:00
692,Aryn,Paine,Aryn.Paine@yopmail.com,doctor,Linz,2024-07-25 02:07:00
693,Brooks,Michella,Brooks.Michella@yopmail.com,worker,Iquique,2024-07-25 02:07:00
694,Linzy,Meter,Linzy.Meter@yopmail.com,doctor,Chiang Mai,2024-07-25 02:07:00
695,Kellen,Karylin,Kellen.Karylin@yopmail.com,worker,Melbourne,2024-07-25 02:07:00
696,Blondelle,Primalia,Blondelle.Primalia@yopmail.com,developer,Anadyr (town),2024-07-25 02:07:00
697,Cissiee,Urias,Cissiee.Urias@yopmail.com,police officer,Melekeok,2024-07-25 02:07:00
698,Catrina,O'Rourke,Catrina.O'Rourke@yopmail.com,worker,Malé,2024-07-25 02:07:00
699,Roz,Olin,Roz.Olin@yopmail.com,worker,Khartoum,2024-07-25 02:07:00
700,Collen,Goerke,Collen.Goerke@yopmail.com,firefighter,Santiago de Cuba,2024-07-25 02:07:00
701,Sheree,Miru,Sheree.Miru@yopmail.com,doctor,Kiev,2024-07-25 02:07:00
702,Henriette,Jenness,Henriette.Jenness@yopmail.com,firefighter,Monterrey,2024-07-25 02:07:00
703,Amalie,Dyche,Amalie.Dyche@yopmail.com,doctor,Paris,2024-07-25 02:07:00
704,Bibby,Japeth,Bibby.Japeth@yopmail.com,firefighter,Glasgow,2024-07-25 02:07:00
705,Blinni,Bord,Blinni.Bord@yopmail.com,police officer,Kraków,2024-07-25 02:07:00
706,Perry,Maples,Perry.Maples@yopmail.com,worker,Santo Domingo,2024-07-25 02:07:00
707,Brooks,Goth,Brooks.Goth@yopmail.com,doctor,Providence,2024-07-25 02:07:00
708,Fina,Phi,Fina.Phi@yopmail.com,police officer,Ludhiana,2024-07-25 02:07:00
709,Christal,Tamar,Christal.Tamar@yopmail.com,worker,Campinas,2024-07-25 02:07:00
710,Shaine,Roarke,Shaine.Roarke@yopmail.com,worker,Minsk,2024-07-25 02:07:00
711,Darci,Trinetta,Darci.Trinetta@yopmail.com,doctor,Ushuaia,2024-07-25 02:07:00
712,Sharai,Joseph,Sharai.Joseph@yopmail.com,police officer,Vaduz,2024-07-25 02:07:00
713,Lanae,Lubin,Lanae.Lubin@yopmail.com,developer,Cuiabá,2024-07-25 02:07:00
714,Bettine,Ophelia,Bettine.Ophelia@yopmail.com,developer,Hiroshima,2024-07-25 02:07:00
715,Frieda,Winthorpe,Frieda.Winthorpe@yopmail.com,police officer,Sri Jayawardenapura-Kotte,2024-07-25 02:07:00
716,Chrystel,Weide,Chrystel.Weide@yopmail.com,doctor,Sapporo,2024-07-25 02:07:00
717,Lauryn,Slifka,Lauryn.Slifka@yopmail.com,police officer,Alexandria,2024-07-25 02:07:00
718,Melisent,Mendez,Melisent.Mendez@yopmail.com,police officer,Durango,2024-07-25 02:07:00
719,Tonia,Constancy,Tonia.Constancy@yopmail.com,developer,Valdivia,2024-07-25 02:07:00
720,Robbi,Bearnard,Robbi.Bearnard@yopmail.com,police officer,Libreville,2024-07-25 02:07:00
721,Emmey,Love,Emmey.Love@yopmail.com,police officer,Campo Grande,2024-07-25 02:07:00
722,Odessa,Vivle,Odessa.Vivle@yopmail.com,developer,Santa Cruz de Tenerife,2024-07-25 02:07:00
723,Suzette,Jammal,Suzette.Jammal@yopmail.com,worker,City of Halifax,2024-07-25 02:07:00
724,Barbara,LaRue,Barbara.LaRue@yopmail.com,developer,Daegu,2024-07-25 02:07:00
725,Quintina,Shaddock,Quintina.Shaddock@yopmail.com,developer,Bucharest,2024-07-25 02:07:00
726,Wileen,Brenn,Wileen.Brenn@yopmail.com,doctor,Adelaide,2024-07-25 02:07:00
727,Dulcinea,Pierette,Dulcinea.Pierette@yopmail.com,doctor,Geelong,2024-07-25 02:07:00
728,Linet,Cleo,Linet.Cleo@yopmail.com,police officer,Minneapolis,2024-07-25 02:07:00
729,Alameda,Hepsibah,Alameda.Hepsibah@yopmail.com,doctor,Salt Lake City,2024-07-25 02:07:00
730,Hyacinthe,Jess,Hyacinthe.Jess@yopmail.com,firefighter,Málaga,2024-07-25 02:07:00
731,Tarra,Ariella,Tarra.Ariella@yopmail.com,doctor,Medan,2024-07-25 02:07:00
732,Johna,Uund,Johna.Uund@yopmail.com,police officer,Bulawayo,2024-07-25 02:07:00
733,Farrah,Westphal,Farrah.Westphal@yopmail.com,doctor,Cayenne,2024-07-25 02:07:00
734,Tybie,Clarissa,Tybie.Clarissa@yopmail.com,developer,Gaza,2024-07-25 02:07:00
735,Collen,Cressida,Collen.Cressida@yopmail.com,developer,Wonsan,2024-07-25 02:07:00
736,Margette,Maurine,Margette.Maurine@yopmail.com,worker,Saskatoon,2024-07-25 02:07:00
737,Vita,Dorine,Vita.Dorine@yopmail.com,doctor,Dammam,2024-07-25 02:07:00
738,Fernande,Selway,Fernande.Selway@yopmail.com,developer,Chengdu,2024-07-25 02:07:00
739,Laure,Natalia,Laure.Natalia@yopmail.com,developer,Dubai,2024-07-25 02:07:00
740,Cathie,Richers,Cathie.Richers@yopmail.com,doctor,Incheon,2024-07-25 02:07:00
741,Carree,Quent,Carree.Quent@yopmail.com,worker,City of San Marino,2024-07-25 02:07:00
742,Fidelia,Sheedy,Fidelia.Sheedy@yopmail.com,firefighter,Abuja,2024-07-25 02:07:00
743,Yetty,Florina,Yetty.Florina@yopmail.com,police officer,Shenyang,2024-07-25 02:07:00
744,Genovera,Naor,Genovera.Naor@yopmail.com,doctor,San Francisco,2024-07-25 02:07:00
745,Nariko,Damarra,Nariko.Damarra@yopmail.com,firefighter,Macapá,2024-07-25 02:07:00
746,Ellette,Hieronymus,Ellette.Hieronymus@yopmail.com,police officer,Agartala,2024-07-25 02:07:00
747,Bertine,Brittani,Bertine.Brittani@yopmail.com,worker,Multan,2024-07-25 02:07:00
748,Brianna,Sparhawk,Brianna.Sparhawk@yopmail.com,developer,Auckland,2024-07-25 02:07:00
749,Zia,Suanne,Zia.Suanne@yopmail.com,worker,Guatemala City,2024-07-25 02:07:00
750,Giustina,Percy,Giustina.Percy@yopmail.com,police officer,Kinshasa,2024-07-25 02:07:00
751,Zaria,Chesna,Zaria.Chesna@yopmail.com,firefighter,Tashkent,2024-07-25 02:07:00
752,Janeczka,Lay,Janeczka.Lay@yopmail.com,doctor,Istanbul,2024-07-25 02:07:00
753,Heddie,Ulphia,Heddie.Ulphia@yopmail.com,firefighter,Skopje,2024-07-25 02:07:00
754,Kathy,Romelda,Kathy.Romelda@yopmail.com,police officer,Osaka,2024-07-25 02:07:00
755,Ivett,Santoro,Ivett.Santoro@yopmail.com,developer,Curitiba,2024-07-25 02:07:00
756,Randa,Byrne,Randa.Byrne@yopmail.com,worker,Recife,2024-07-25 02:07:00
757,Ivett,Mehalek,Ivett.Mehalek@yopmail.com,police officer,Reykjavík,2024-07-25 02:07:00
758,Agnese,Buckler,Agnese.Buckler@yopmail.com,police officer,New Delhi,2024-07-25 02:07:00
759,Marika,Carey,Marika.Carey@yopmail.com,police officer,Montevideo,2024-07-25 02:07:00
760,Vonny,Elisha,Vonny.Elisha@yopmail.com,police officer,Enugu,2024-07-25 02:07:00
761,Cristabel,Cleavland,Cristabel.Cleavland@yopmail.com,worker,London,2024-07-25 02:07:00
762,Elbertina,Raul,Elbertina.Raul@yopmail.com,developer,City of San Marino,2024-07-25 02:07:00
763,Lita,Malina,Lita.Malina@yopmail.com,police officer,Madrid,2024-07-25 02:07:00
764,Lauryn,Carmena,Lauryn.Carmena@yopmail.com,doctor,Francistown,2024-07-25 02:07:00
765,Hannis,Jaylene,Hannis.Jaylene@yopmail.com,police officer,Kota Kinabalu,2024-07-25 02:07:00
766,Aili,Hamil,Aili.Hamil@yopmail.com,developer,Seville,2024-07-25 02:07:00
767,Mary,Velick,Mary.Velick@yopmail.com,doctor,Antofagasta,2024-07-25 02:07:00
768,Tani,Aaberg,Tani.Aaberg@yopmail.com,developer,Banda Aceh,2024-07-25 02:07:00
769,Bee,Bethany,Bee.Bethany@yopmail.com,developer,Vilnius,2024-07-25 02:07:00
770,Ursulina,Shelba,Ursulina.Shelba@yopmail.com,developer,Thimphu,2024-07-25 02:07:00
771,Bertine,Malvino,Bertine.Malvino@yopmail.com,police officer,Yaoundé,2024-07-25 02:07:00
772,Jobi,Argus,Jobi.Argus@yopmail.com,doctor,Da Nang,2024-07-25 02:07:00
773,Blondelle,Jalbert,Blondelle.Jalbert@yopmail.com,police officer,St. Louis,2024-07-25 02:07:00
774,Dale,Solitta,Dale.Solitta@yopmail.com,firefighter,Port Said,2024-07-25 02:07:00
775,Debee,Francyne,Debee.Francyne@yopmail.com,worker,Cusco,2024-07-25 02:07:00
776,Sidoney,Syd,Sidoney.Syd@yopmail.com,doctor,Nukus,2024-07-25 02:07:00
777,Anthia,Trinetta,Anthia.Trinetta@yopmail.com,worker,Stanley,2024-07-25 02:07:00
778,Hyacinthe,Thornburg,Hyacinthe.Thornburg@yopmail.com,worker,Mashhad,2024-07-25 02:07:00
779,Valeda,Kylander,Valeda.Kylander@yopmail.com,police officer,Leeds,2024-07-25 02:07:00
780,Ginnie,Pelagias,Ginnie.Pelagias@yopmail.com,firefighter,Berlin,2024-07-25 02:07:00
781,Nadine,Stefa,Nadine.Stefa@yopmail.com,doctor,Saint-Denis,2024-07-25 02:07:00
782,Zondra,Lumbard,Zondra.Lumbard@yopmail.com,doctor,Riyadh,2024-07-25 02:07:00
783,Donetta,Socha,Donetta.Socha@yopmail.com,firefighter,Udon Thani,2024-07-25 02:07:00
784,Maud,Uird,Maud.Uird@yopmail.com,worker,Charlotte Amalie,2024-07-25 02:07:00
785,Lita,Behre,Lita.Behre@yopmail.com,developer,Osaka,2024-07-25 02:07:00
786,Teriann,Zeeba,Teriann.Zeeba@yopmail.com,police officer,Malmö,2024-07-25 02:07:00
787,Elmira,Bluh,Elmira.Bluh@yopmail.com,developer,Munich,2024-07-25 02:07:00
788,Julieta,Schenck,Julieta.Schenck@yopmail.com,developer,Espoo,2024-07-25 02:07:00
789,Kristan,Edison,Kristan.Edison@yopmail.com,firefighter,Buffalo,2024-07-25 02:07:00
790,Marita,Sothena,Marita.Sothena@yopmail.com,doctor,Ciudad del Este,2024-07-25 02:07:00
791,Larine,Roscoe,Larine.Roscoe@yopmail.com,developer,The Hague,2024-07-25 02:07:00
792,Marleah,Belldas,Marleah.Belldas@yopmail.com,developer,Almaty,2024-07-25 02:07:00
793,Zsa Zsa,Turne,Zsa Zsa.Turne@yopmail.com,police officer,Surabaya,2024-07-25 02:07:00
794,Mellicent,Shuler,Mellicent.Shuler@yopmail.com,doctor,Dallas,2024-07-25 02:07:00
795,Mildrid,Millda,Mildrid.Millda@yopmail.com,doctor,Da Nang,2024-07-25 02:07:00
796,Hildegaard,Adrienne,Hildegaard.Adrienne@yopmail.com,police officer,Nanning,2024-07-25 02:07:00
797,Lelah,Darrell,Lelah.Darrell@yopmail.com,doctor,Virginia Beach,2024-07-25 02:07:00
798,Audrie,Sundin,Audrie.Sundin@yopmail.com,police officer,Melekeok,2024-07-25 02:07:00
799,Stevana,Tyson,Stevana.Tyson@yopmail.com,police officer,Macau,2024-07-25 02:07:00
800,Cecile,Lissi,Cecile.Lissi@yopmail.com,police officer,Wellington,2024-07-25 02:07:00
801,Bobinette,Goerke,Bobinette.Goerke@yopmail.com,doctor,Hai Phong,2024-07-25 02:07:00
802,Lorenza,Taima,Lorenza.Taima@yopmail.com,developer,Saint-Pierre,2024-07-25 02:07:00
803,Aili,Baylor,Aili.Baylor@yopmail.com,police officer,Malabo,2024-07-25 02:07:00
804,Ebonee,Michella,Ebonee.Michella@yopmail.com,police officer,Tbilisi,2024-07-25 02:07:00
805,Marnia,Raffo,Marnia.Raffo@yopmail.com,firefighter,Medellín,2024-07-25 02:07:00
806,Aili,Kauppi,Aili.Kauppi@yopmail.com,worker,Austin,2024-07-25 02:07:00
807,Rebeca,Stevy,Rebeca.Stevy@yopmail.com,doctor,Porto Alegre,2024-07-25 02:07:00
808,Gusty,Lane,Gusty.Lane@yopmail.com,doctor,Pristina,2024-07-25 02:07:00
809,Rhea,Cynar,Rhea.Cynar@yopmail.com,doctor,Kandy,2024-07-25 02:07:00
810,Aryn,Juan,Aryn.Juan@yopmail.com,developer,George Town,2024-07-25 02:07:00
811,Ofilia,Stoller,Ofilia.Stoller@yopmail.com,firefighter,Hong Kong,2024-07-25 02:07:00
812,Dale,Phaidra,Dale.Phaidra@yopmail.com,worker,Bangui,2024-07-25 02:07:00
813,Mara,Shields,Mara.Shields@yopmail.com,developer,Stuttgart,2024-07-25 02:07:00
814,Hettie,Bohlin,Hettie.Bohlin@yopmail.com,worker,Copenhagen,2024-07-25 02:07:00
815,Melanie,Sasnett,Melanie.Sasnett@yopmail.com,firefighter,Maceió,2024-07-25 02:07:00
816,Almeta,Tannie,Almeta.Tannie@yopmail.com,firefighter,Gold Coast,2024-07-25 02:07:00
817,Olwen,Waldron,Olwen.Waldron@yopmail.com,worker,Nagpur,2024-07-25 02:07:00
818,Aryn,Anestassia,Aryn.Anestassia@yopmail.com,doctor,Dededo,2024-07-25 02:07:00
819,Lyssa,Rheingold,Lyssa.Rheingold@yopmail.com,doctor,Bangalore,2024-07-25 02:07:00
820,Rochette,Diogenes,Rochette.Diogenes@yopmail.com,worker,Islamabad,2024-07-25 02:07:00
821,Alyda,Colleen,Alyda.Colleen@yopmail.com,firefighter,Mbabane,2024-07-25 02:07:00
822,Shauna,Jillane,Shauna.Jillane@yopmail.com,police officer,Guadalajara,2024-07-25 02:07:00
823,Zia,Salchunas,Zia.Salchunas@yopmail.com,developer,Adelaide,2024-07-25 02:07:00
824,Mahalia,Garrison,Mahalia.Garrison@yopmail.com,doctor,Recife,2024-07-25 02:07:00
825,Tami,Aprile,Tami.Aprile@yopmail.com,worker,Kiev,2024-07-25 02:07:00
826,Melodie,Zina,Melodie.Zina@yopmail.com,developer,Cali,2024-07-25 02:07:00
827,Janeczka,Ranjiv,Janeczka.Ranjiv@yopmail.com,developer,Abidjan,2024-07-25 02:07:00
828,Hannis,Oneida,Hannis.Oneida@yopmail.com,worker,Jaipur,2024-07-25 02:07:00
829,Albertina,Cleavland,Albertina.Cleavland@yopmail.com,police officer,Adana,2024-07-25 02:07:00
830,Vere,Laverne,Vere.Laverne@yopmail.com,developer,Padang,2024-07-25 02:07:00
831,Starla,Lindemann,Starla.Lindemann@yopmail.com,police officer,Whitehorse,2024-07-25 02:07:00
832,Christal,Gibbeon,Christal.Gibbeon@yopmail.com,developer,Düsseldorf,2024-07-25 02:07:00
833,Arlena,Isacco,Arlena.Isacco@yopmail.com,firefighter,Saipan,2024-07-25 02:07:00
834,Lorne,Engdahl,Lorne.Engdahl@yopmail.com,doctor,Pretoria,2024-07-25 02:07:00
835,Donetta,Kronfeld,Donetta.Kronfeld@yopmail.com,developer,Namangan,2024-07-25 02:07:00
836,Brooks,Kenwood,Brooks.Kenwood@yopmail.com,police officer,Osaka,2024-07-25 02:07:00
837,Krystle,Hylan,Krystle.Hylan@yopmail.com,firefighter,Port Moresby,2024-07-25 02:07:00
838,Annabela,Leffen,Annabela.Leffen@yopmail.com,firefighter,Iloilo City,2024-07-25 02:07:00
839,Chere,Zamora,Chere.Zamora@yopmail.com,doctor,Puebla,2024-07-25 02:07:00
840,Perry,Clywd,Perry.Clywd@yopmail.com,firefighter,Dalian,2024-07-25 02:07:00
841,Ulrike,Primalia,Ulrike.Primalia@yopmail.com,doctor,Ipoh,2024-07-25 02:07:00
842,Florencia,Goddard,Florencia.Goddard@yopmail.com,doctor,Taichung,2024-07-25 02:07:00
843,Shirlee,Reneta,Shirlee.Reneta@yopmail.com,firefighter,Phoenix,2024-07-25 02:07:00
844,Gilligan,Ader,Gilligan.Ader@yopmail.com,doctor,Luanda,2024-07-25 02:07:00
845,Gale,Fairweather,Gale.Fairweather@yopmail.com,developer,Juneau,2024-07-25 02:07:00
846,Zondra,Wooster,Zondra.Wooster@yopmail.com,doctor,Tunis,2024-07-25 02:07:00
847,Tami,Bashemeth,Tami.Bashemeth@yopmail.com,worker,Saipan,2024-07-25 02:07:00
848,Shaine,Edee,Shaine.Edee@yopmail.com,worker,Cairo,2024-07-25 02:07:00
849,Leeanne,Phi,Leeanne.Phi@yopmail.com,developer,Rawalpindi,2024-07-25 02:07:00
850,Nonnah,Tiffa,Nonnah.Tiffa@yopmail.com,doctor,Makassar,2024-07-25 02:07:00
851,Asia,Lemuela,Asia.Lemuela@yopmail.com,police officer,Simferopol,2024-07-25 02:07:00
852,Pollyanna,Ingra,Pollyanna.Ingra@yopmail.com,doctor,Harbin,2024-07-25 02:07:00
853,Darci,Tjon,Darci.Tjon@yopmail.com,firefighter,Fukuoka,2024-07-25 02:07:00
854,Annora,Ammann,Annora.Ammann@yopmail.com,worker,Agartala,2024-07-25 02:07:00
855,Andree,Pauly,Andree.Pauly@yopmail.com,police officer,Balikpapan,2024-07-25 02:07:00
856,Delilah,Jefferey,Delilah.Jefferey@yopmail.com,doctor,Dili,2024-07-25 02:07:00
857,Brena,Vittoria,Brena.Vittoria@yopmail.com,developer,Port Vila,2024-07-25 02:07:00
858,Ethel,MacIntosh,Ethel.MacIntosh@yopmail.com,doctor,Pretoria,2024-07-25 02:07:00
859,Katleen,Klotz,Katleen.Klotz@yopmail.com,doctor,Algiers,2024-07-25 02:07:00
860,Anestassia,Lumbard,Anestassia.Lumbard@yopmail.com,doctor,Malé,2024-07-25 02:07:00
861,Gaylene,Susannah,Gaylene.Susannah@yopmail.com,worker,Riga,2024-07-25 02:07:00
862,Ardeen,Shanley,Ardeen.Shanley@yopmail.com,doctor,Zapopan,2024-07-25 02:07:00
863,Madalyn,Marijo,Madalyn.Marijo@yopmail.com,police officer,Mamoudzou,2024-07-25 02:07:00
864,Corina,Alisia,Corina.Alisia@yopmail.com,worker,Cologne,2024-07-25 02:07:00
865,Deirdre,Roscoe,Deirdre.Roscoe@yopmail.com,doctor,Kabul,2024-07-25 02:07:00
866,Jennica,Claudine,Jennica.Claudine@yopmail.com,worker,Johannesburg,2024-07-25 02:07:00
867,Regina,Jacobah,Regina.Jacobah@yopmail.com,developer,Namangan,2024-07-25 02:07:00
868,Roberta,Montgomery,Roberta.Montgomery@yopmail.com,developer,Shigatse,2024-07-25 02:07:00
869,Maridel,Friede,Maridel.Friede@yopmail.com,doctor,Mexico City,2024-07-25 02:07:00
870,Anestassia,Buffum,Anestassia.Buffum@yopmail.com,firefighter,Rio de Janeiro,2024-07-25 02:07:00
871,Danny,Clywd,Danny.Clywd@yopmail.com,police officer,Gdańsk,2024-07-25 02:07:00
872,Mureil,Corrine,Mureil.Corrine@yopmail.com,police officer,Lagos,2024-07-25 02:07:00
873,Angelique,Rocray,Angelique.Rocray@yopmail.com,developer,Yakutsk,2024-07-25 02:07:00
874,Bertine,Noman,Bertine.Noman@yopmail.com,firefighter,Ottawa,2024-07-25 02:07:00
875,Valli,Pearse,Valli.Pearse@yopmail.com,developer,Riyadh,2024-07-25 02:07:00
876,Marguerite,Raseda,Marguerite.Raseda@yopmail.com,police officer,Taiyuan,2024-07-25 02:07:00
877,Riannon,Ralfston,Riannon.Ralfston@yopmail.com,worker,Sitka,2024-07-25 02:07:00
878,Danny,Susannah,Danny.Susannah@yopmail.com,firefighter,Ljubljana,2024-07-25 02:07:00
879,Jackie,Montgomery,Jackie.Montgomery@yopmail.com,police officer,Amritsar,2024-07-25 02:07:00
880,Michaelina,Bronk,Michaelina.Bronk@yopmail.com,developer,Belize City,2024-07-25 02:07:00
881,Antonietta,Pernick,Antonietta.Pernick@yopmail.com,developer,Ashgabat,2024-07-25 02:07:00
882,Lynea,Kendrick,Lynea.Kendrick@yopmail.com,police officer,Seville,2024-07-25 02:07:00
883,Gerianna,Goddard,Gerianna.Goddard@yopmail.com,worker,Nassau,2024-07-25 02:07:00
884,Augustine,Sprage,Augustine.Sprage@yopmail.com,doctor,Medina,2024-07-25 02:07:00
885,Ardenia,Paton,Ardenia.Paton@yopmail.com,worker,City of San Marino,2024-07-25 02:07:00
886,Gui,Borrell,Gui.Borrell@yopmail.com,worker,Cuiabá,2024-07-25 02:07:00
887,Heida,Vittoria,Heida.Vittoria@yopmail.com,firefighter,Lomé,2024-07-25 02:07:00
888,Chandra,Prober,Chandra.Prober@yopmail.com,worker,Ciudad del Este,2024-07-25 02:07:00
889,Vita,Juliet,Vita.Juliet@yopmail.com,developer,Puebla,2024-07-25 02:07:00
890,Arlena,Cath,Arlena.Cath@yopmail.com,doctor,Podgorica,2024-07-25 02:07:00
891,Annice,Brian,Annice.Brian@yopmail.com,developer,Tripoli,2024-07-25 02:07:00
892,Kassey,Carri,Kassey.Carri@yopmail.com,firefighter,Jamestown,2024-07-25 02:07:00
893,Dode,Annabella,Dode.Annabella@yopmail.com,firefighter,Amritsar,2024-07-25 02:07:00
894,Adele,Tristram,Adele.Tristram@yopmail.com,developer,Tashkent,2024-07-25 02:07:00
895,Hope,Celestine,Hope.Celestine@yopmail.com,doctor,Alexandria,2024-07-25 02:07:00
896,Raina,Bearnard,Raina.Bearnard@yopmail.com,worker,Townsville,2024-07-25 02:07:00
897,Aaren,Lissi,Aaren.Lissi@yopmail.com,firefighter,Ciudad del Este,2024-07-25 02:07:00
898,Fanny,Blake,Fanny.Blake@yopmail.com,firefighter,Sarajevo,2024-07-25 02:07:00
899,Natka,Abram,Natka.Abram@yopmail.com,developer,Vienna,2024-07-25 02:07:00
900,Adore,Luhe,Adore.Luhe@yopmail.com,firefighter,Charlotte,2024-07-25 02:07:00
901,Bernie,Dunkin,Bernie.Dunkin@yopmail.com,doctor,Petropavlovsk-Kamchatsky,2024-07-25 02:07:00
902,Ilse,Merat,Ilse.Merat@yopmail.com,worker,Rio de Janeiro,2024-07-25 02:07:00
903,Emilia,Aaberg,Emilia.Aaberg@yopmail.com,firefighter,San Diego,2024-07-25 02:07:00
904,Lizzie,Morrill,Lizzie.Morrill@yopmail.com,firefighter,Yellowknife,2024-07-25 02:07:00
905,Cathyleen,Durware,Cathyleen.Durware@yopmail.com,police officer,Austin,2024-07-25 02:07:00
906,Jemie,Holbrook,Jemie.Holbrook@yopmail.com,developer,Pelotas,2024-07-25 02:07:00
907,Carlie,Blake,Carlie.Blake@yopmail.com,firefighter,Adamstown,2024-07-25 02:07:00
908,Maryellen,Colyer,Maryellen.Colyer@yopmail.com,worker,Yekaterinburg,2024-07-25 02:07:00
909,Ana,Angelis,Ana.Angelis@yopmail.com,police officer,Malé,2024-07-25 02:07:00
910,Celisse,Dowski,Celisse.Dowski@yopmail.com,firefighter,Mandurah,2024-07-25 02:07:00
911,Danny,Munn,Danny.Munn@yopmail.com,police officer,Qingdao,2024-07-25 02:07:00
912,Ofilia,Lareena,Ofilia.Lareena@yopmail.com,developer,Detroit,2024-07-25 02:07:00
913,Stacey,Konyn,Stacey.Konyn@yopmail.com,firefighter,Tampa,2024-07-25 02:07:00
914,Emmey,Jethro,Emmey.Jethro@yopmail.com,worker,Papeete,2024-07-25 02:07:00
915,Marguerite,Adalbert,Marguerite.Adalbert@yopmail.com,firefighter,Mamoudzou,2024-07-25 02:07:00
916,Ginnie,Ardra,Ginnie.Ardra@yopmail.com,worker,Sapporo,2024-07-25 02:07:00
917,Shaine,Mozelle,Shaine.Mozelle@yopmail.com,police officer,Sabha,2024-07-25 02:07:00
918,Dawn,Guthrie,Dawn.Guthrie@yopmail.com,developer,Tagbilaran,2024-07-25 02:07:00
919,Olwen,Sabella,Olwen.Sabella@yopmail.com,worker,Kuala Lumpur,2024-07-25 02:07:00
920,Jany,Trinetta,Jany.Trinetta@yopmail.com,police officer,Ulan Bator,2024-07-25 02:07:00
921,Angela,Kazimir,Angela.Kazimir@yopmail.com,doctor,Beijing,2024-07-25 02:07:00
922,Barbara,Ralfston,Barbara.Ralfston@yopmail.com,firefighter,Quebec City,2024-07-25 02:07:00
923,Kimmy,Cyrie,Kimmy.Cyrie@yopmail.com,doctor,Istanbul,2024-07-25 02:07:00
924,Merrie,Erminia,Merrie.Erminia@yopmail.com,doctor,Kuwait City,2024-07-25 02:07:00
925,Janenna,Japeth,Janenna.Japeth@yopmail.com,worker,Chongqing,2024-07-25 02:07:00
926,Bertine,Mitzi,Bertine.Mitzi@yopmail.com,police officer,Birkirkara,2024-07-25 02:07:00
927,Lisette,Lorain,Lisette.Lorain@yopmail.com,developer,Nuuk,2024-07-25 02:07:00
928,Gerrie,Buckler,Gerrie.Buckler@yopmail.com,worker,Labasa,2024-07-25 02:07:00
929,Gianina,Liva,Gianina.Liva@yopmail.com,police officer,Pune,2024-07-25 02:07:00
930,Kenna,Rad,Kenna.Rad@yopmail.com,worker,Rawalpindi,2024-07-25 02:07:00
931,Mellicent,Peti,Mellicent.Peti@yopmail.com,firefighter,Kraków,2024-07-25 02:07:00
932,Alyssa,Emmaline,Alyssa.Emmaline@yopmail.com,worker,Iqaluit,2024-07-25 02:07:00
933,Anica,Lail,Anica.Lail@yopmail.com,firefighter,Sitka,2024-07-25 02:07:00
934,Marcy,Iiette,Marcy.Iiette@yopmail.com,worker,Rabi Island,2024-07-25 02:07:00
935,Shirlee,Ludewig,Shirlee.Ludewig@yopmail.com,developer,Punta Arenas,2024-07-25 02:07:00
936,Sissy,Roarke,Sissy.Roarke@yopmail.com,developer,Enugu,2024-07-25 02:07:00
937,Blake,Gale,Blake.Gale@yopmail.com,worker,Houston,2024-07-25 02:07:00
938,Luci,Syd,Luci.Syd@yopmail.com,developer,Hanover,2024-07-25 02:07:00
939,Georgetta,Honoria,Georgetta.Honoria@yopmail.com,firefighter,Port Said,2024-07-25 02:07:00
940,Susette,Euridice,Susette.Euridice@yopmail.com,police officer,Hyderabad,2024-07-25 02:07:00
941,Addia,Chauncey,Addia.Chauncey@yopmail.com,developer,Gaza,2024-07-25 02:07:00
942,Gui,Turne,Gui.Turne@yopmail.com,worker,Saint-Denis,2024-07-25 02:07:00
943,Dania,Thad,Dania.Thad@yopmail.com,developer,Agartala,2024-07-25 02:07:00
944,Jessamyn,Israeli,Jessamyn.Israeli@yopmail.com,firefighter,Santiago,2024-07-25 02:07:00
945,Chere,Reidar,Chere.Reidar@yopmail.com,firefighter,Birkirkara,2024-07-25 02:07:00
946,Brianna,Christal,Brianna.Christal@yopmail.com,firefighter,Adamstown,2024-07-25 02:07:00
947,Joleen,Pattin,Joleen.Pattin@yopmail.com,firefighter,Doha,2024-07-25 02:07:00
948,Veda,Aurelio,Veda.Aurelio@yopmail.com,worker,Charlotte Amalie,2024-07-25 02:07:00
949,Georgetta,Hailee,Georgetta.Hailee@yopmail.com,firefighter,Santa Cruz de Tenerife,2024-07-25 02:07:00
950,Luci,Harl,Luci.Harl@yopmail.com,developer,Caracas,2024-07-25 02:07:00
951,Amii,Tatianas,Amii.Tatianas@yopmail.com,doctor,Dresden,2024-07-25 02:07:00
952,Evita,Prober,Evita.Prober@yopmail.com,developer,Tijuana,2024-07-25 02:07:00
953,Melanie,Callista,Melanie.Callista@yopmail.com,doctor,San Carlos de Bariloche,2024-07-25 02:07:00
954,Jackie,Rudolph,Jackie.Rudolph@yopmail.com,doctor,Winnipeg,2024-07-25 02:07:00
955,Karena,Isacco,Karena.Isacco@yopmail.com,worker,Osaka,2024-07-25 02:07:00
956,Jillayne,Amasa,Jillayne.Amasa@yopmail.com,doctor,Chihuahua,2024-07-25 02:07:00
957,Corene,Hoban,Corene.Hoban@yopmail.com,worker,Daegu,2024-07-25 02:07:00
958,Rosanne,Neils,Rosanne.Neils@yopmail.com,doctor,Bursa,2024-07-25 02:07:00
959,Willetta,Kiersten,Willetta.Kiersten@yopmail.com,worker,Cuiabá,2024-07-25 02:07:00
960,Darci,Vharat,Darci.Vharat@yopmail.com,doctor,Lagos,2024-07-25 02:07:00
961,Sara-Ann,Ethban,Sara-Ann.Ethban@yopmail.com,doctor,Aarhus,2024-07-25 02:07:00
962,Mignon,Mehalek,Mignon.Mehalek@yopmail.com,police officer,Astana,2024-07-25 02:07:00
963,Nikki,Schwejda,Nikki.Schwejda@yopmail.com,firefighter,Chişinău,2024-07-25 02:07:00
964,Maisey,Peonir,Maisey.Peonir@yopmail.com,police officer,Iquitos,2024-07-25 02:07:00
965,Alyssa,Eachern,Alyssa.Eachern@yopmail.com,doctor,Manama,2024-07-25 02:07:00
966,Winifred,Newell,Winifred.Newell@yopmail.com,police officer,Chongqing,2024-07-25 02:07:00
967,Tracey,Kesley,Tracey.Kesley@yopmail.com,developer,Edmonton,2024-07-25 02:07:00
968,Stevana,Hamil,Stevana.Hamil@yopmail.com,developer,Stuttgart,2024-07-25 02:07:00
969,Marita,Devlen,Marita.Devlen@yopmail.com,police officer,Dar es Salaam,2024-07-25 02:07:00
970,Korrie,Ledah,Korrie.Ledah@yopmail.com,police officer,Edmonton,2024-07-25 02:07:00
971,Mureil,Noam,Mureil.Noam@yopmail.com,firefighter,The Valley,2024-07-25 02:07:00
972,Adele,McLaughlin,Adele.McLaughlin@yopmail.com,firefighter,Seville,2024-07-25 02:07:00
973,Marjie,Randene,Marjie.Randene@yopmail.com,doctor,San Francisco,2024-07-25 02:07:00
974,Olivette,Amand,Olivette.Amand@yopmail.com,developer,Puerto Williams,2024-07-25 02:07:00
975,Valeda,Joli,Valeda.Joli@yopmail.com,police officer,Virginia Beach,2024-07-25 02:07:00
976,Marleah,Barney,Marleah.Barney@yopmail.com,police officer,Yamoussoukro,2024-07-25 02:07:00
977,Concettina,Fiann,Concettina.Fiann@yopmail.com,doctor,Labasa,2024-07-25 02:07:00
978,Latisha,Roscoe,Latisha.Roscoe@yopmail.com,police officer,Philadelphia,2024-07-25 02:07:00
979,Maye,Saint,Maye.Saint@yopmail.com,developer,La Paz,2024-07-25 02:07:00
980,Beth,Maribeth,Beth.Maribeth@yopmail.com,firefighter,Hanoi,2024-07-25 02:07:00
981,Paola,Lewes,Paola.Lewes@yopmail.com,police officer,Pretoria,2024-07-25 02:07:00
982,Gabi,Bultman,Gabi.Bultman@yopmail.com,firefighter,Seoul,2024-07-25 02:07:00
983,Courtnay,Jethro,Courtnay.Jethro@yopmail.com,developer,Perm,2024-07-25 02:07:00
984,Therine,Saint,Therine.Saint@yopmail.com,police officer,Omdurman,2024-07-25 02:07:00
985,Melanie,Abernon,Melanie.Abernon@yopmail.com,developer,Miami,2024-07-25 02:07:00
986,Margette,Drus,Margette.Drus@yopmail.com,firefighter,El Aaiún,2024-07-25 02:07:00
987,Sheree,Philoo,Sheree.Philoo@yopmail.com,doctor,Madrid,2024-07-25 02:07:00
988,Kaia,Gale,Kaia.Gale@yopmail.com,worker,Kandy,2024-07-25 02:07:00
989,Chastity,Juliet,Chastity.Juliet@yopmail.com,doctor,South Tarawa,2024-07-25 02:07:00
990,Gui,Swigart,Gui.Swigart@yopmail.com,developer,Willemstad,2024-07-25 02:07:00
991,Jackie,Vins,Jackie.Vins@yopmail.com,doctor,Salzburg,2024-07-25 02:07:00
992,Rivalee,Gahl,Rivalee.Gahl@yopmail.com,doctor,Omsk,2024-07-25 02:07:00
993,Laure,Wilkinson,Laure.Wilkinson@yopmail.com,worker,St. John's,2024-07-25 02:07:00
994,Kathy,Tiffa,Kathy.Tiffa@yopmail.com,firefighter,Malabo,2024-07-25 02:07:00
995,Petronia,Kirstin,Petronia.Kirstin@yopmail.com,police officer,Reykjavík,2024-07-25 02:07:00
996,Jeanna,Mehalek,Jeanna.Mehalek@yopmail.com,doctor,Pretoria,2024-07-25 02:07:00
997,Elora,Zenas,Elora.Zenas@yopmail.com,police officer,Alexandria,2024-07-25 02:07:00
998,Augustine,Goth,Augustine.Goth@yopmail.com,firefighter,Denpasar,2024-07-25 02:07:00
999,Moyna,Ingra,Moyna.Ingra@yopmail.com,firefighter,Yaren District,2024-07-25 02:07:00
1000,Berta,Lesley,Berta.Lesley@yopmail.com,firefighter,Singapore,2024-07-25 02:07:00
1001,Dari,Dreda,Dari.Dreda@yopmail.com,worker,Changchun,2024-07-25 02:07:00
1002,Margarette,Buttaro,Margarette.Buttaro@yopmail.com,developer,Kingstown,2024-07-25 02:07:00
1003,Deirdre,O'Rourke,Deirdre.O'Rourke@yopmail.com,firefighter,Jayapura,2024-07-25 02:07:00
1004,Trixi,Strephon,Trixi.Strephon@yopmail.com,firefighter,Batticaloa,2024-07-25 02:07:00
1005,Ofilia,Jaylene,Ofilia.Jaylene@yopmail.com,developer,Perth,2024-07-25 02:07:00
1006,Sibella,Letsou,Sibella.Letsou@yopmail.com,police officer,Handan,2024-07-25 02:07:00
1007,Sherrie,Rolf,Sherrie.Rolf@yopmail.com,firefighter,Nagpur,2024-07-25 02:07:00
1008,Lonnie,Gusella,Lonnie.Gusella@yopmail.com,doctor,Okinawa,2024-07-25 02:07:00
1009,Glynnis,Elephus,Glynnis.Elephus@yopmail.com,developer,Miri,2024-07-25 02:07:00
1010,Viviene,Stoller,Viviene.Stoller@yopmail.com,firefighter,Kiev,2024-07-25 02:07:00
1011,Abbie,Alexandr,Abbie.Alexandr@yopmail.com,police officer,Abidjan,2024-07-25 02:07:00
1012,Augustine,Lacombe,Augustine.Lacombe@yopmail.com,police officer,Sacramento,2024-07-25 02:07:00
1013,Meriel,Knowling,Meriel.Knowling@yopmail.com,firefighter,Rotterdam,2024-07-25 02:07:00
1014,Imojean,Aloise,Imojean.Aloise@yopmail.com,police officer,Conakry,2024-07-25 02:07:00
1015,Mahalia,Quinn,Mahalia.Quinn@yopmail.com,worker,Thessaloniki,2024-07-25 02:07:00
1016,Ilse,Annice,Ilse.Annice@yopmail.com,doctor,Ho Chi Minh City,2024-07-25 02:07:00
1017,Lory,Adrienne,Lory.Adrienne@yopmail.com,police officer,Pekanbaru,2024-07-25 02:07:00
1018,Feliza,Dyche,Feliza.Dyche@yopmail.com,police officer,Chennai,2024-07-25 02:07:00
1019,Vivia,Vorster,Vivia.Vorster@yopmail.com,doctor,Arbil,2024-07-25 02:07:00
1020,Kenna,Arley,Kenna.Arley@yopmail.com,police officer,Guwahati,2024-07-25 02:07:00
1021,Dulcinea,Wesle,Dulcinea.Wesle@yopmail.com,police officer,Honolulu,2024-07-25 02:07:00
1022,Cassondra,Obed,Cassondra.Obed@yopmail.com,doctor,Kharkiv,2024-07-25 02:07:00
1023,Dode,Billye,Dode.Billye@yopmail.com,developer,Freetown,2024-07-25 02:07:00
1024,Edith,Chrystel,Edith.Chrystel@yopmail.com,firefighter,Washington,2024-07-25 02:07:00
1025,Therine,Briney,Therine.Briney@yopmail.com,doctor,Bern,2024-07-25 02:07:00
1026,Phedra,Elvyn,Phedra.Elvyn@yopmail.com,firefighter,Tallinn,2024-07-25 02:07:00
1027,Minda,My,Minda.My@yopmail.com,police officer,Ludhiana,2024-07-25 02:07:00
1028,Hallie,Dawkins,Hallie.Dawkins@yopmail.com,worker,Naypyidaw,2024-07-25 02:07:00
1029,Nelle,Adore,Nelle.Adore@yopmail.com,police officer,Quezon City,2024-07-25 02:07:00
1030,Donnie,Hathaway,Donnie.Hathaway@yopmail.com,developer,Nantes,2024-07-25 02:07:00
1031,Fawne,Roche,Fawne.Roche@yopmail.com,police officer,Cincinnati,2024-07-25 02:07:00
1032,Bobbi,Salchunas,Bobbi.Salchunas@yopmail.com,developer,Bishkek,2024-07-25 02:07:00
1033,Bobinette,Saunderson,Bobinette.Saunderson@yopmail.com,firefighter,Indianapolis,2024-07-25 02:07:00
1034,Andeee,Cookie,Andeee.Cookie@yopmail.com,doctor,Belgrade,2024-07-25 02:07:00
1035,Charlena,Egbert,Charlena.Egbert@yopmail.com,worker,Hanoi,2024-07-25 02:07:00
1036,Dode,Si,Dode.Si@yopmail.com,developer,São Paulo,2024-07-25 02:07:00
1037,Eadie,Iiette,Eadie.Iiette@yopmail.com,developer,Nantes,2024-07-25 02:07:00
1038,Modestia,Birdella,Modestia.Birdella@yopmail.com,police officer,Kaesong,2024-07-25 02:07:00
1039,Sabina,Bollay,Sabina.Bollay@yopmail.com,worker,Melekeok,2024-07-25 02:07:00
1040,Nicoli,Gladstone,Nicoli.Gladstone@yopmail.com,firefighter,Daegu,2024-07-25 02:07:00
1041,Linzy,Delacourt,Linzy.Delacourt@yopmail.com,firefighter,Malacca Town,2024-07-25 02:07:00
1042,Delilah,Morrill,Delilah.Morrill@yopmail.com,firefighter,Sukhumi,2024-07-25 02:07:00
1043,Gaylene,Iaverne,Gaylene.Iaverne@yopmail.com,firefighter,Cairns,2024-07-25 02:07:00
1044,Kristina,Kaja,Kristina.Kaja@yopmail.com,police officer,Mendoza,2024-07-25 02:07:00
1045,Fina,Alexandr,Fina.Alexandr@yopmail.com,developer,Philadelphia,2024-07-25 02:07:00
1046,Gwenneth,Etom,Gwenneth.Etom@yopmail.com,police officer,Shanghai,2024-07-25 02:07:00
1047,Catharine,Garrison,Catharine.Garrison@yopmail.com,doctor,Pelotas,2024-07-25 02:07:00
1048,Olivette,Jobi,Olivette.Jobi@yopmail.com,worker,Rio Branco,2024-07-25 02:07:00
1049,Ebonee,Hourigan,Ebonee.Hourigan@yopmail.com,police officer,Libreville,2024-07-25 02:07:00
1050,Sarette,Dash,Sarette.Dash@yopmail.com,worker,Kobe,2024-07-25 02:07:00
1051,Micheline,Amadas,Micheline.Amadas@yopmail.com,police officer,Lucknow,2024-07-25 02:07:00
1052,Corry,Skurnik,Corry.Skurnik@yopmail.com,firefighter,Faisalabad,2024-07-25 02:07:00
1053,Kristan,Atcliffe,Kristan.Atcliffe@yopmail.com,firefighter,Stuttgart,2024-07-25 02:07:00
1054,Lucy,Beebe,Lucy.Beebe@yopmail.com,worker,Brasília,2024-07-25 02:07:00
1055,Ursulina,Boehike,Ursulina.Boehike@yopmail.com,doctor,Chittagong,2024-07-25 02:07:00
1056,Marline,Lunsford,Marline.Lunsford@yopmail.com,developer,Charlotte,2024-07-25 02:07:00
1057,Bertine,Dreda,Bertine.Dreda@yopmail.com,doctor,Kano,2024-07-25 02:07:00
1058,Ayn,Wooster,Ayn.Wooster@yopmail.com,doctor,Vientiane,2024-07-25 02:07:00
1059,Nananne,Seumas,Nananne.Seumas@yopmail.com,doctor,Ankara,2024-07-25 02:07:00
1060,Alia,Dalli,Alia.Dalli@yopmail.com,worker,Cork (city),2024-07-25 02:07:00
1061,Trudie,Reneta,Trudie.Reneta@yopmail.com,developer,Ibadan,2024-07-25 02:07:00
1062,Drucie,Holbrook,Drucie.Holbrook@yopmail.com,firefighter,Serekunda,2024-07-25 02:07:00
1063,Gwenneth,Lemuela,Gwenneth.Lemuela@yopmail.com,doctor,Rome,2024-07-25 02:07:00
1064,Lila,McAdams,Lila.McAdams@yopmail.com,developer,Magadan,2024-07-25 02:07:00
1065,Penelopa,Clie,Penelopa.Clie@yopmail.com,police officer,El Paso,2024-07-25 02:07:00
1066,Aili,Rosalba,Aili.Rosalba@yopmail.com,police officer,Makassar,2024-07-25 02:07:00
1067,Orelia,Ummersen,Orelia.Ummersen@yopmail.com,firefighter,Santa Cruz de la Sierra,2024-07-25 02:07:00
1068,Dania,Concha,Dania.Concha@yopmail.com,firefighter,Portland,2024-07-25 02:07:00
1069,Merrie,Esmaria,Merrie.Esmaria@yopmail.com,firefighter,Praia,2024-07-25 02:07:00
1070,Corry,Nea,Corry.Nea@yopmail.com,firefighter,Tianjin,2024-07-25 02:07:00
1071,Corly,Randene,Corly.Randene@yopmail.com,developer,Chişinău,2024-07-25 02:07:00
1072,Ebonee,Haerr,Ebonee.Haerr@yopmail.com,police officer,Oklahoma City,2024-07-25 02:07:00
1073,Coral,Anyah,Coral.Anyah@yopmail.com,developer,Sitka,2024-07-25 02:07:00
1074,Cristine,Astra,Cristine.Astra@yopmail.com,worker,Boston,2024-07-25 02:07:00
1075,Georgetta,Viddah,Georgetta.Viddah@yopmail.com,doctor,Cali,2024-07-25 02:07:00
1076,Siana,Posner,Siana.Posner@yopmail.com,doctor,Nizhny Novgorod,2024-07-25 02:07:00
1077,Oona,McAdams,Oona.McAdams@yopmail.com,firefighter,Incheon,2024-07-25 02:07:00
1078,Amalie,Taima,Amalie.Taima@yopmail.com,firefighter,Andorra la Vella,2024-07-25 02:07:00
1079,Asia,Anyah,Asia.Anyah@yopmail.com,firefighter,Geneva,2024-07-25 02:07:00
1080,Siana,Jammal,Siana.Jammal@yopmail.com,police officer,Memphis,2024-07-25 02:07:00
1081,Eugine,Crudden,Eugine.Crudden@yopmail.com,firefighter,Manaus,2024-07-25 02:07:00
1082,Maryellen,Bryna,Maryellen.Bryna@yopmail.com,doctor,Nashville,2024-07-25 02:07:00
1083,Lulita,Amasa,Lulita.Amasa@yopmail.com,doctor,Toulouse,2024-07-25 02:07:00
1084,Gusella,Belldas,Gusella.Belldas@yopmail.com,police officer,Harbin,2024-07-25 02:07:00
1085,Consuela,Ochs,Consuela.Ochs@yopmail.com,firefighter,Algiers,2024-07-25 02:07:00
1086,Allis,Nisbet,Allis.Nisbet@yopmail.com,police officer,Yerevan,2024-07-25 02:07:00
1087,Elyssa,Melony,Elyssa.Melony@yopmail.com,police officer,Sana'a,2024-07-25 02:07:00
1088,Fidelia,Hurley,Fidelia.Hurley@yopmail.com,developer,Changchun,2024-07-25 02:07:00
1089,Audrie,Bettine,Audrie.Bettine@yopmail.com,developer,Quezon City,2024-07-25 02:07:00
1090,Frank,Urania,Frank.Urania@yopmail.com,worker,Strasbourg,2024-07-25 02:07:00
1091,Nannie,Bettine,Nannie.Bettine@yopmail.com,police officer,Ibadan,2024-07-25 02:07:00
1092,Ofilia,Barbey,Ofilia.Barbey@yopmail.com,doctor,Jersey City,2024-07-25 02:07:00
1093,Berta,Newell,Berta.Newell@yopmail.com,doctor,Toulouse,2024-07-25 02:07:00
1094,Bibby,Noman,Bibby.Noman@yopmail.com,police officer,Arequipa,2024-07-25 02:07:00
1095,Celene,Miru,Celene.Miru@yopmail.com,doctor,Enugu,2024-07-25 02:07:00
1096,Nelle,Tillford,Nelle.Tillford@yopmail.com,firefighter,Roseau,2024-07-25 02:07:00
1097,Helena,Ietta,Helena.Ietta@yopmail.com,firefighter,Geneva,2024-07-25 02:07:00
1098,Viviene,Bates,Viviene.Bates@yopmail.com,doctor,Dunedin,2024-07-25 02:07:00
1099,Blondelle,Pandolfi,Blondelle.Pandolfi@yopmail.com,doctor,Okinawa,2024-07-25 02:07:00