21,Vevay,Roxanna,Vevay.Roxanna@yopmail.com,firefighter,90.0,180,15-07-2024
13,Valli,Juan,Valli.Juan@yopmail.com,police officer,32.168,-1,30-07-2024
20,Drucie,Naashom,Drucie.Naashom@yopmail.com,doctor,90,-32.6,02-07-2024
18,Shaylyn,Shields,Shaylyn.Shields@yopmail.com,police officer,90,-174,20-07-2024
19,Nanete,Chem,Nanete.Chem@yopmail.com,police officer,6.364,10,29-07-2024
8,Aigneis,Marsden,Aigneis.Marsden@yopmail.com,doctor,-90.000,-180.00000,18-07-2024
10,Wileen,Phyllis,Wileen.Phyllis@yopmail.com,police officer,90.000,-179.7872,11-07-2024
17,Maurene,Montgomery,Maurene.Montgomery@yopmail.com,developer,2,180.000,20-07-2024
19,Kristina,Phyllis,Kristina.Phyllis@yopmail.com,developer,-90,180.00,13-07-2024
10,Rosanne,Dom,Rosanne.Dom@yopmail.com,developer,-90,-180,18-07-2024
20,Marylou,Dawkins,Marylou.Dawkins@yopmail.com,doctor,90.000000,-180,16-07-2024
16,Chastity,Abram,Chastity.Abram@yopmail.com,doctor,-0,-65.64,15-07-2024
15,Ethel,Elo,Ethel.Elo@yopmail.com,worker,-90,55.29561,07-07-2024
8,Lyssa,Ricki,Lyssa.Ricki@yopmail.com,doctor,-90,14.7114,12-07-2024
20,Bee,Gahl,Bee.Gahl@yopmail.com,worker,-13.8949,180,16-07-2024
9,Cassondra,Henrie,Cassondra.Henrie@yopmail.com,police officer,71.3979,14,18-07-2024
3,Charlena,Amand,Charlena.Amand@yopmail.com,worker,90.0000,9,29-07-2024
17,Lolita,Bergman,Lolita.Bergman@yopmail.com,doctor,-90.0,125,01-07-2024
7,Basia,Ioab,Basia.Ioab@yopmail.com,worker,90.0000,-180.00,16-07-2024
21,Leia,Dosia,Leia.Dosia@yopmail.com,worker,-90,-180,03-07-2024
25,Melanie,Hubert,Melanie.Hubert@yopmail.com,developer,-90,-180.0000,24-07-2024
10,Lexine,Gino,Lexine.Gino@yopmail.com,worker,-90,180.00,26-07-2024
21,Cathyleen,Alwin,Cathyleen.Alwin@yopmail.com,worker,90,-180.000,09-07-2024
12,Gusty,Hessler,Gusty.Hessler@yopmail.com,doctor,-90,180,06-07-2024
17,Joceline,Ludewig,Joceline.Ludewig@yopmail.com,firefighter,90,-180.000000,30-07-2024
17,Maye,Philipp,Maye.Philipp@yopmail.com,police officer,90,180,20-07-2024
20,Claudina,Philipp,Claudina.Philipp@yopmail.com,firefighter,-90.0000,-180.0,09-07-2024
14,Ardeen,Nore,Ardeen.Nore@yopmail.com,police officer,-0,-2,18-07-2024
13,Corry,Hilbert,Corry.Hilbert@yopmail.com,doctor,41.0183,-12.8,07-07-2024
25,Arlina,Tacye,Arlina.Tacye@yopmail.com,police officer,-90,180.0,21-07-2024
15,Dione,Idelia,Dione.Idelia@yopmail.com,firefighter,-15,180,28-07-2024
3,Renae,Juan,Renae.Juan@yopmail.com,firefighter,-90.0000,-180,25-07-2024
21,Jennica,Bow,Jennica.Bow@yopmail.com,police officer,-90.0,180.000000,13-07-2024
6,Ilse,Dominy,Ilse.Dominy@yopmail.com,firefighter,74.04977,-59,11-07-2024
8,Corina,Bryna,Corina.Bryna@yopmail.com,worker,-7,13.96154,27-07-2024
21,Rhoda,Schonfeld,Rhoda.Schonfeld@yopmail.com,doctor,-90.0,-180,15-07-2024
14,Reeba,Heidt,Reeba.Heidt@yopmail.com,doctor,-14,-155.5,13-07-2024
12,Kelly,Docilla,Kelly.Docilla@yopmail.com,developer,90,-56.256976,10-07-2024
4,Isa,Eno,Isa.Eno@yopmail.com,police officer,90,4,08-07-2024
17,Helena,Abernon,Helena.Abernon@yopmail.com,developer,90.000000,-7.056,01-07-2024
2,Donnie,Hazlett,Donnie.Hazlett@yopmail.com,doctor,-90,-108.2,27-07-2024
19,Leanna,Zola,Leanna.Zola@yopmail.com,firefighter,90.0000,180,25-07-2024
6,Cecile,Gale,Cecile.Gale@yopmail.com,doctor,-4.834391,180,25-07-2024
3,Violet,Shuler,Violet.Shuler@yopmail.com,firefighter,90.0000,-180,29-07-2024
12,Patricia,Hourigan,Patricia.Hourigan@yopmail.com,firefighter,90.000,-180,11-07-2024
6,Cecile,Frodi,Cecile.Frodi@yopmail.com,developer,-16,180,09-07-2024
12,Vevay,Morgun,Vevay.Morgun@yopmail.com,firefighter,-6,-180.000000,14-07-2024
10,Jeanna,Poppy,Jeanna.Poppy@yopmail.com,worker,90.00,-180.0,23-07-2024
6,Mureil,Bach,Mureil.Bach@yopmail.com,police officer,90,-108.85,04-07-2024
9,Madelle,Oriana,Madelle.Oriana@yopmail.com,developer,-87.685027,-180.0000,13-07-2024
23,Brena,Bord,Brena.Bord@yopmail.com,police officer,0,32.93,05-07-2024
21,Marsiella,Rese,Marsiella.Rese@yopmail.com,doctor,-90,141.19,12-07-2024
15,Mildrid,Laurianne,Mildrid.Laurianne@yopmail.com,firefighter,-89.983750,180,07-07-2024
10,Ofilia,Leler,Ofilia.Leler@yopmail.com,police officer,90,180,25-07-2024
17,Chrystel,Holbrook,Chrystel.Holbrook@yopmail.com,police officer,-90.00,173.73973,12-07-2024
8,Pearline,Euridice,Pearline.Euridice@yopmail.com,doctor,2,11.068,16-07-2024
24,Lyssa,Orlene,Lyssa.Orlene@yopmail.com,doctor,-9,180.000,22-07-2024
9,Janeczka,Santoro,Janeczka.Santoro@yopmail.com,developer,-90,-180,12-07-2024
9,Amii,Read,Amii.Read@yopmail.com,doctor,-90.000,-180,24-07-2024
16,Phylis,Lareena,Phylis.Lareena@yopmail.com,doctor,-20.68371,-180.0,12-07-2024
18,Kara-Lynn,Baudin,Kara-Lynn.Baudin@yopmail.com,firefighter,90,1.936270,21-07-2024
21,Wileen,Podvin,Wileen.Podvin@yopmail.com,police officer,90.0000,17.710188,09-07-2024
2,Marleah,Caitlin,Marleah.Caitlin@yopmail.com,firefighter,90,9,26-07-2024
9,Shaylyn,Toni,Shaylyn.Toni@yopmail.com,firefighter,90,-11,13-07-2024
14,Lory,Grayce,Lory.Grayce@yopmail.com,worker,90.0000,180.00,28-07-2024
24,Chastity,Curren,Chastity.Curren@yopmail.com,worker,5,-180,03-07-2024
2,Ronna,Felecia,Ronna.Felecia@yopmail.com,doctor,26,-180.00,10-07-2024
4,Antonietta,Morgun,Antonietta.Morgun@yopmail.com,police officer,2.80,129.534128,09-07-2024
7,Ofilia,Bobbee,Ofilia.Bobbee@yopmail.com,developer,90.00000,-180,11-07-2024
22,Kaia,Dichy,Kaia.Dichy@yopmail.com,firefighter,-89.127692,13.37790,02-07-2024
10,Gavrielle,Borrell,Gavrielle.Borrell@yopmail.com,worker,-90.00000,-15,19-07-2024
22,Daryl,Hewitt,Daryl.Hewitt@yopmail.com,worker,-6.042574,-180,08-07-2024
17,Clo,Valerio,Clo.Valerio@yopmail.com,doctor,90,180.000000,12-07-2024
1,Amara,Karylin,Amara.Karylin@yopmail.com,doctor,-59.881,18,08-07-2024
23,Raf,Johnsson,Raf.Johnsson@yopmail.com,doctor,66,-180,22-07-2024
14,Celisse,Vernier,Celisse.Vernier@yopmail.com,doctor,6.07,-180,03-07-2024
16,Vita,Eachern,Vita.Eachern@yopmail.com,doctor,-90.000,-180.000000,05-07-2024
11,Lanae,Schwejda,Lanae.Schwejda@yopmail.com,worker,-4.988,180,06-07-2024
4,Carilyn,Sundin,Carilyn.Sundin@yopmail.com,developer,-90,180,30-07-2024
5,Fernande,Dunkin,Fernande.Dunkin@yopmail.com,doctor,-1.01,180.00,31-07-2024
24,Marcy,Crudden,Marcy.Crudden@yopmail.com,police officer,7,122,04-07-2024
12,Dulcinea,Eliathas,Dulcinea.Eliathas@yopmail.com,worker,-90,-6,10-07-2024
11,Chickie,Linehan,Chickie.Linehan@yopmail.com,developer,-90,-10,05-07-2024
16,Brietta,Shaver,Brietta.Shaver@yopmail.com,worker,-90.000000,-172.438,25-07-2024
22,Ricky,Aurelio,Ricky.Aurelio@yopmail.com,doctor,90,-180.00,17-07-2024
3,Rhoda,Tatianas,Rhoda.Tatianas@yopmail.com,police officer,15.973,-61.300013,08-07-2024
7,Binny,Mullane,Binny.Mullane@yopmail.com,developer,90.0000,20.112,24-07-2024
4,Dawn,Thunell,Dawn.Thunell@yopmail.com,firefighter,9,180.00000,09-07-2024
1,Georgetta,Wu,Georgetta.Wu@yopmail.com,developer,-90,-22,22-07-2024
13,Evita,Ciapas,Evita.Ciapas@yopmail.com,doctor,-16,180.00,05-07-2024
21,Nananne,Swigart,Nananne.Swigart@yopmail.com,firefighter,90.000000,180,21-07-2024
21,Rebeca,Sidonius,Rebeca.Sidonius@yopmail.com,developer,-90,18,28-07-2024
3,Frances,Uird,Frances.Uird@yopmail.com,doctor,-90.0000,-10,10-07-2024
23,Alex,Hachmin,Alex.Hachmin@yopmail.com,developer,90,10.478501,05-07-2024
23,Lucille,Silvan,Lucille.Silvan@yopmail.com,firefighter,-90,19,30-07-2024
17,Leontine,Kosey,Leontine.Kosey@yopmail.com,firefighter,4,-50,14-07-2024
20,Gale,Andrel,Gale.Andrel@yopmail.com,firefighter,90,180,09-07-2024
20,Vevay,Dudley,Vevay.Dudley@yopmail.com,worker,5,-180.0000,06-07-2024
10,Lynde,Maxi,Lynde.Maxi@yopmail.com,firefighter,-90,-158,18-07-2024
9,Lucy,Brotherson,Lucy.Brotherson@yopmail.com,worker,9.01,19.7215,22-07-2024