10,Celene,Etom,Celene.Etom@yopmail.com,worker,2,-110.8988,18-07-2024
7,Lila,Gino,Lila.Gino@yopmail.com,developer,-24,-133.6462,29-07-2024
25,Constance,Ade,Constance.Ade@yopmail.com,developer,9,-180.000000,05-07-2024
23,Renae,Malina,Renae.Malina@yopmail.com,developer,90.000,-180.000,09-07-2024
16,Deedee,Ingra,Deedee.Ingra@yopmail.com,police officer,90,1.9,21-07-2024
11,Teddie,Eliathas,Teddie.Eliathas@yopmail.com,police officer,-46.90,-180.0000,12-07-2024
25,Dorothy,Demitria,Dorothy.Demitria@yopmail.com,developer,7.1011,-180,13-07-2024
10,Susette,Rustice,Susette.Rustice@yopmail.com,firefighter,-90.0000,-180,24-07-2024
6,Marika,Olympium,Marika.Olympium@yopmail.com,firefighter,90.000,38.625812,26-07-2024
22,Shell,Hilbert,Shell.Hilbert@yopmail.com,worker,-43.0186,-2.67,21-07-2024
14,Morganica,Therine,Morganica.Therine@yopmail.com,developer,84,-8.32496,21-07-2024
1,Tatiania,Dorine,Tatiania.Dorine@yopmail.com,police officer,90,-0,28-07-2024
3,Etta,Raama,Etta.Raama@yopmail.com,doctor,-90,-145,28-07-2024
20,Dorice,Darian,Dorice.Darian@yopmail.com,firefighter,-90,11.83775,12-07-2024
7,Blinni,Jalbert,Blinni.Jalbert@yopmail.com,firefighter,-90,-6,03-07-2024
18,Robbi,Clywd,Robbi.Clywd@yopmail.com,firefighter,90.00,-125.32870,24-07-2024
1,Dagmar,Persse,Dagmar.Persse@yopmail.com,firefighter,90,180.00000,07-07-2024
7,Verla,Leopold,Verla.Leopold@yopmail.com,doctor,5,101.59874,17-07-2024
22,Keelia,Danby,Keelia.Danby@yopmail.com,police officer,-90,180,21-07-2024
22,Edyth,Oscar,Edyth.Oscar@yopmail.com,developer,-3.261,-180.0000,14-07-2024
21,Roberta,Boehike,Roberta.Boehike@yopmail.com,police officer,4.29439,180.00000,05-07-2024
11,Sabina,Harriman,Sabina.Harriman@yopmail.com,worker,90,-46.65008,26-07-2024
9,Beth,Zamora,Beth.Zamora@yopmail.com,worker,-58,-126,22-07-2024
15,Andree,Rhu,Andree.Rhu@yopmail.com,firefighter,90,-4.979344,11-07-2024
24,Anthia,Reneta,Anthia.Reneta@yopmail.com,police officer,-68.7,154,12-07-2024
13,Mureil,Roxanna,Mureil.Roxanna@yopmail.com,doctor,90.00000,180.00000,06-07-2024
9,Nollie,Nisbet,Nollie.Nisbet@yopmail.com,police officer,47.917244,180,09-07-2024
3,Edith,Edison,Edith.Edison@yopmail.com,worker,-0,-180.000,17-07-2024
24,Kamilah,Evangelia,Kamilah.Evangelia@yopmail.com,doctor,2.53508,180,19-07-2024
20,Adele,Llovera,Adele.Llovera@yopmail.com,worker,-8.40597,5.43,13-07-2024
15,Dorice,Pacorro,Dorice.Pacorro@yopmail.com,developer,90.0,-19.6,22-07-2024
12,Riannon,Voletta,Riannon.Voletta@yopmail.com,doctor,-90,180,02-07-2024
24,Imojean,Lucienne,Imojean.Lucienne@yopmail.com,worker,8,52,12-07-2024
2,Ayn,Carlson,Ayn.Carlson@yopmail.com,developer,-8,180,22-07-2024
22,Linzy,Dosia,Linzy.Dosia@yopmail.com,police officer,-90.000,-180.0,22-07-2024
24,Reeba,Alfons,Reeba.Alfons@yopmail.com,firefighter,4.222147,-180,02-07-2024
2,Kamilah,Haldas,Kamilah.Haldas@yopmail.com,firefighter,-30,180.000,29-07-2024
16,Ruthe,Shirberg,Ruthe.Shirberg@yopmail.com,worker,5.14674,7.569520,02-07-2024
11,Jasmina,Blisse,Jasmina.Blisse@yopmail.com,developer,9,180.0,12-07-2024
19,Kathy,Georas,Kathy.Georas@yopmail.com,police officer,2.54,164.6,26-07-2024
15,Frieda,Hanshaw,Frieda.Hanshaw@yopmail.com,police officer,-90,180.0000,28-07-2024
25,Margette,Phaidra,Margette.Phaidra@yopmail.com,firefighter,90.0,180,08-07-2024
25,Dania,Hillel,Dania.Hillel@yopmail.com,police officer,64,180.00000,27-07-2024
25,Angela,Wesle,Angela.Wesle@yopmail.com,firefighter,49,-180,22-07-2024
15,Arlena,Bronk,Arlena.Bronk@yopmail.com,worker,-90,-104.342,20-07-2024
22,Leona,Connelly,Leona.Connelly@yopmail.com,worker,90,-180,08-07-2024
18,Jaclyn,Armanda,Jaclyn.Armanda@yopmail.com,firefighter,22,-161.484119,21-07-2024
24,Gabi,Franza,Gabi.Franza@yopmail.com,developer,-63,-49,19-07-2024
14,Teriann,Jerald,Teriann.Jerald@yopmail.com,worker,-41,16,19-07-2024
11,Melina,Rodmann,Melina.Rodmann@yopmail.com,police officer,76.00677,-150,04-07-2024
17,Brietta,Carvey,Brietta.Carvey@yopmail.com,worker,41.55225,73,18-07-2024
17,Tiffie,Toffic,Tiffie.Toffic@yopmail.com,firefighter,40.349,15.238512,21-07-2024
4,Cam,Madelene,Cam.Madelene@yopmail.com,firefighter,51,49.06,28-07-2024
15,Kate,Cohdwell,Kate.Cohdwell@yopmail.com,police officer,-90,-111,10-07-2024
4,Anica,Leffen,Anica.Leffen@yopmail.com,firefighter,0.425,-171.87,06-07-2024
7,Judy,Felizio,Judy.Felizio@yopmail.com,doctor,8,180.000,03-07-2024
15,Brianna,Therine,Brianna.Therine@yopmail.com,worker,90.00000,-61.75878,13-07-2024
10,Corry,Eno,Corry.Eno@yopmail.com,worker,-90,-175.37320,18-07-2024
2,Dorothy,Jaylene,Dorothy.Jaylene@yopmail.com,police officer,90.000,180,09-07-2024
13,Lelah,Munn,Lelah.Munn@yopmail.com,police officer,5.251470,-180.00,07-07-2024
19,Addia,Hazlett,Addia.Hazlett@yopmail.com,worker,2.2,5,05-07-2024
22,Asia,Elo,Asia.Elo@yopmail.com,firefighter,85.835,8,02-07-2024
13,Celisse,Pandolfi,Celisse.Pandolfi@yopmail.com,worker,2.399,-180,12-07-2024
9,Selma,Greenwald,Selma.Greenwald@yopmail.com,police officer,23.866534,141.43627,29-07-2024
5,Ernesta,Land,Ernesta.Land@yopmail.com,developer,-4.2,180.0000,20-07-2024
12,Elie,Randene,Elie.Randene@yopmail.com,firefighter,4,18,09-07-2024
25,Jacenta,Meter,Jacenta.Meter@yopmail.com,doctor,6,-180,21-07-2024
20,Clarice,Libna,Clarice.Libna@yopmail.com,doctor,6,7.79003,27-07-2024
13,Hannis,Dearborn,Hannis.Dearborn@yopmail.com,firefighter,90,180.00000,07-07-2024
22,Carmencita,Radu,Carmencita.Radu@yopmail.com,firefighter,-72,180.000,19-07-2024
11,Lacie,Harriman,Lacie.Harriman@yopmail.com,firefighter,-90,-111,03-07-2024
11,Deirdre,Wenoa,Deirdre.Wenoa@yopmail.com,police officer,-2,-180,10-07-2024
22,Priscilla,Elo,Priscilla.Elo@yopmail.com,worker,-17.128436,-159,20-07-2024
4,Deirdre,Thornburg,Deirdre.Thornburg@yopmail.com,worker,-90,179.553108,16-07-2024
5,Celene,Kenwood,Celene.Kenwood@yopmail.com,developer,7.140755,-180.0000,21-07-2024
20,Gwyneth,Karna,Gwyneth.Karna@yopmail.com,doctor,90.00,-180,20-07-2024
12,Mara,Elbertina,Mara.Elbertina@yopmail.com,doctor,-90,-180.00,23-07-2024
18,Aeriela,Irmine,Aeriela.Irmine@yopmail.com,developer,-8,180.0,22-07-2024
14,Estell,Madelene,Estell.Madelene@yopmail.com,police officer,-90.000,5,11-07-2024
7,Ariela,Beniamino,Ariela.Beniamino@yopmail.com,developer,46.7366,-55,10-07-2024
7,Danny,Lacombe,Danny.Lacombe@yopmail.com,worker,-2,00,11-07-2024
7,Shannah,Kussell,Shannah.Kussell@yopmail.com,police officer,65.40546,-76.190972,12-07-2024
19,Ursulina,Kunin,Ursulina.Kunin@yopmail.com,doctor,-5,180.00000,05-07-2024
12,Edee,Diogenes,Edee.Diogenes@yopmail.com,police officer,55,-180.00000,19-07-2024
22,Paola,Tybald,Paola.Tybald@yopmail.com,doctor,-81,-166,06-07-2024
5,Emma,Hollingsworth,Emma.Hollingsworth@yopmail.com,doctor,-6,-180.000,14-07-2024
25,Shirlee,Nikaniki,Shirlee.Nikaniki@yopmail.com,police officer,-90.00,17.82566,18-07-2024
16,Alie,Gemini,Alie.Gemini@yopmail.com,firefighter,-90.00000,20.57964,14-07-2024
7,Ardeen,Keelia,Ardeen.Keelia@yopmail.com,firefighter,90,-12,04-07-2024
18,Jerry,Geffner,Jerry.Geffner@yopmail.com,doctor,90.00000,53.08675,26-07-2024
6,Lanna,Larochelle,Lanna.Larochelle@yopmail.com,doctor,-90.0,-180,09-07-2024
8,Nikki,Elo,Nikki.Elo@yopmail.com,developer,22.8844,-180.000,09-07-2024
15,Marline,Edmund,Marline.Edmund@yopmail.com,doctor,23.7332,180.000,01-07-2024
3,Millie,Ciro,Millie.Ciro@yopmail.com,firefighter,36,-180.0000,29-07-2024
17,Agathe,Tengdin,Agathe.Tengdin@yopmail.com,worker,-6.8089,-180,14-07-2024
2,Janeczka,Cullin,Janeczka.Cullin@yopmail.com,firefighter,90,-180,02-07-2024
20,Jackie,Standing,Jackie.Standing@yopmail.com,doctor,-90.000,19.038,29-07-2024
11,Jerry,Leffen,Jerry.Leffen@yopmail.com,doctor,90,180,06-07-2024
12,Jaime,Yam,Jaime.Yam@yopmail.com,developer,90,12,19-07-2024
9,Tami,Vittoria,Tami.Vittoria@yopmail.com,doctor,90.0000,-79,03-07-2024